Entity,Code,Year,funct_gov_eiu
Afghanistan,AFG,2006,0
Afghanistan,AFG,2008,0.79
Afghanistan,AFG,2010,0.79
Afghanistan,AFG,2011,0.79
Afghanistan,AFG,2012,0.79
Afghanistan,AFG,2013,0.79
Afghanistan,AFG,2014,1.14
Afghanistan,AFG,2015,1.14
Afghanistan,AFG,2016,1.14
Afghanistan,AFG,2017,1.14
Afghanistan,AFG,2018,1.14
Afghanistan,AFG,2019,0.64
Afghanistan,AFG,2020,0.64
Afghanistan,AFG,2021,0.07
Afghanistan,AFG,2022,0.07
Albania,ALB,2006,5.07
Albania,ALB,2008,5.07
Albania,ALB,2010,5.07
Albania,ALB,2011,4.71
Albania,ALB,2012,4
Albania,ALB,2013,4
Albania,ALB,2014,4
Albania,ALB,2015,4.36
Albania,ALB,2016,4.36
Albania,ALB,2017,4.71
Albania,ALB,2018,4.71
Albania,ALB,2019,5.36
Albania,ALB,2020,5.36
Albania,ALB,2021,6.43
Albania,ALB,2022,6.43
Algeria,DZA,2006,2.21
Algeria,DZA,2008,2.21
Algeria,DZA,2010,2.21
Algeria,DZA,2011,2.21
Algeria,DZA,2012,2.21
Algeria,DZA,2013,2.21
Algeria,DZA,2014,2.21
Algeria,DZA,2015,2.21
Algeria,DZA,2016,2.21
Algeria,DZA,2017,2.21
Algeria,DZA,2018,2.21
Algeria,DZA,2019,2.86
Algeria,DZA,2020,2.5
Algeria,DZA,2021,2.5
Algeria,DZA,2022,2.5
Angola,AGO,2006,2.14
Angola,AGO,2008,3.21
Angola,AGO,2010,3.21
Angola,AGO,2011,3.21
Angola,AGO,2012,3.21
Angola,AGO,2013,3.21
Angola,AGO,2014,3.21
Angola,AGO,2015,3.21
Angola,AGO,2016,3.21
Angola,AGO,2017,2.86
Angola,AGO,2018,2.86
Angola,AGO,2019,2.86
Angola,AGO,2020,2.86
Angola,AGO,2021,2.86
Angola,AGO,2022,3.21
Argentina,ARG,2006,5
Argentina,ARG,2008,5
Argentina,ARG,2010,5.71
Argentina,ARG,2011,5.71
Argentina,ARG,2012,5.71
Argentina,ARG,2013,5.71
Argentina,ARG,2014,5.71
Argentina,ARG,2015,5
Argentina,ARG,2016,5
Argentina,ARG,2017,5
Argentina,ARG,2018,5.36
Argentina,ARG,2019,5.36
Argentina,ARG,2020,5.36
Argentina,ARG,2021,5
Argentina,ARG,2022,5
Armenia,ARM,2006,3.21
Armenia,ARM,2008,3.21
Armenia,ARM,2010,3.21
Armenia,ARM,2011,3.21
Armenia,ARM,2012,3.21
Armenia,ARM,2013,2.86
Armenia,ARM,2014,2.86
Armenia,ARM,2015,2.86
Armenia,ARM,2016,2.86
Armenia,ARM,2017,2.86
Armenia,ARM,2018,4.64
Armenia,ARM,2019,5.36
Armenia,ARM,2020,5
Armenia,ARM,2021,5.71
Armenia,ARM,2022,5.71
Australia,AUS,2006,8.93
Australia,AUS,2008,8.93
Australia,AUS,2010,8.93
Australia,AUS,2011,8.93
Australia,AUS,2012,8.93
Australia,AUS,2013,8.93
Australia,AUS,2014,8.93
Australia,AUS,2015,8.93
Australia,AUS,2016,8.93
Australia,AUS,2017,8.93
Australia,AUS,2018,8.93
Australia,AUS,2019,8.93
Australia,AUS,2020,8.57
Australia,AUS,2021,8.57
Australia,AUS,2022,8.57
Austria,AUT,2006,8.21
Austria,AUT,2008,7.860000000000001
Austria,AUT,2010,7.860000000000001
Austria,AUT,2011,7.860000000000001
Austria,AUT,2012,8.21
Austria,AUT,2013,7.5
Austria,AUT,2014,7.860000000000001
Austria,AUT,2015,7.860000000000001
Austria,AUT,2016,7.860000000000001
Austria,AUT,2017,8.21
Austria,AUT,2018,7.860000000000001
Austria,AUT,2019,7.860000000000001
Austria,AUT,2020,7.5
Austria,AUT,2021,6.79
Austria,AUT,2022,7.14
Azerbaijan,AZE,2006,0.79
Azerbaijan,AZE,2008,0.79
Azerbaijan,AZE,2010,1.79
Azerbaijan,AZE,2011,1.79
Azerbaijan,AZE,2012,1.79
Azerbaijan,AZE,2013,1.79
Azerbaijan,AZE,2014,2.14
Azerbaijan,AZE,2015,2.14
Azerbaijan,AZE,2016,2.14
Azerbaijan,AZE,2017,2.14
Azerbaijan,AZE,2018,2.14
Azerbaijan,AZE,2019,3.21
Azerbaijan,AZE,2020,2.86
Azerbaijan,AZE,2021,2.5
Azerbaijan,AZE,2022,2.86
Bahrain,BHR,2006,2.57
Bahrain,BHR,2008,3.569999999999999
Bahrain,BHR,2010,3.569999999999999
Bahrain,BHR,2011,2.5
Bahrain,BHR,2012,2.5
Bahrain,BHR,2013,3.569999999999999
Bahrain,BHR,2014,3.569999999999999
Bahrain,BHR,2015,3.21
Bahrain,BHR,2016,3.21
Bahrain,BHR,2017,3.21
Bahrain,BHR,2018,3.21
Bahrain,BHR,2019,2.71
Bahrain,BHR,2020,2.71
Bahrain,BHR,2021,2.71
Bahrain,BHR,2022,2.71
Bangladesh,BGD,2006,5.07
Bangladesh,BGD,2008,5.07
Bangladesh,BGD,2010,5.43
Bangladesh,BGD,2011,5.43
Bangladesh,BGD,2012,5.43
Bangladesh,BGD,2013,5.43
Bangladesh,BGD,2014,5.07
Bangladesh,BGD,2015,5.07
Bangladesh,BGD,2016,5.07
Bangladesh,BGD,2017,5.07
Bangladesh,BGD,2018,5.07
Bangladesh,BGD,2019,6.07
Bangladesh,BGD,2020,6.07
Bangladesh,BGD,2021,6.07
Bangladesh,BGD,2022,6.07
Belarus,BLR,2006,2.86
Belarus,BLR,2008,2.86
Belarus,BLR,2010,2.86
Belarus,BLR,2011,2.86
Belarus,BLR,2012,2.86
Belarus,BLR,2013,2.86
Belarus,BLR,2014,3.930000000000001
Belarus,BLR,2015,3.569999999999999
Belarus,BLR,2016,3.569999999999999
Belarus,BLR,2017,2.86
Belarus,BLR,2018,2.86
Belarus,BLR,2019,2
Belarus,BLR,2020,2
Belarus,BLR,2021,2
Belarus,BLR,2022,0.79
Belgium,BEL,2006,8.21
Belgium,BEL,2008,8.21
Belgium,BEL,2010,8.21
Belgium,BEL,2011,8.21
Belgium,BEL,2012,8.21
Belgium,BEL,2013,8.21
Belgium,BEL,2014,8.21
Belgium,BEL,2015,8.21
Belgium,BEL,2016,8.57
Belgium,BEL,2017,8.93
Belgium,BEL,2018,8.93
Belgium,BEL,2019,8.21
Belgium,BEL,2020,7.860000000000001
Belgium,BEL,2021,7.86
Belgium,BEL,2022,8.21
Benin,BEN,2006,6.43
Benin,BEN,2008,6.43
Benin,BEN,2010,6.43
Benin,BEN,2011,6.43
Benin,BEN,2012,6.43
Benin,BEN,2013,6.07
Benin,BEN,2014,5.36
Benin,BEN,2015,5.71
Benin,BEN,2016,5.36
Benin,BEN,2017,5.36
Benin,BEN,2018,5.71
Benin,BEN,2019,5.71
Benin,BEN,2020,5.36
Benin,BEN,2021,5.36
Benin,BEN,2022,5.71
Bhutan,BTN,2006,4.64
Bhutan,BTN,2008,5
Bhutan,BTN,2010,5.36
Bhutan,BTN,2011,5.36
Bhutan,BTN,2012,5.36
Bhutan,BTN,2013,5.36
Bhutan,BTN,2014,5.36
Bhutan,BTN,2015,5.36
Bhutan,BTN,2016,5.36
Bhutan,BTN,2017,6.07
Bhutan,BTN,2018,6.790000000000001
Bhutan,BTN,2019,6.790000000000001
Bhutan,BTN,2020,6.790000000000001
Bhutan,BTN,2021,6.79
Bhutan,BTN,2022,5.93
Bolivia,BOL,2006,5.71
Bolivia,BOL,2008,5.71
Bolivia,BOL,2010,5
Bolivia,BOL,2011,5
Bolivia,BOL,2012,5
Bolivia,BOL,2013,5
Bolivia,BOL,2014,5
Bolivia,BOL,2015,5.36
Bolivia,BOL,2016,5.36
Bolivia,BOL,2017,4.64
Bolivia,BOL,2018,4.64
Bolivia,BOL,2019,3.930000000000001
Bolivia,BOL,2020,3.569999999999999
Bolivia,BOL,2021,4.29
Bolivia,BOL,2022,4.29
Bosnia and Herzegovina,BIH,2006,3.29
Bosnia and Herzegovina,BIH,2008,3.29
Bosnia and Herzegovina,BIH,2010,3.29
Bosnia and Herzegovina,BIH,2011,3.29
Bosnia and Herzegovina,BIH,2012,2.93
Bosnia and Herzegovina,BIH,2013,2.93
Bosnia and Herzegovina,BIH,2014,2.93
Bosnia and Herzegovina,BIH,2015,2.93
Bosnia and Herzegovina,BIH,2016,2.93
Bosnia and Herzegovina,BIH,2017,2.93
Bosnia and Herzegovina,BIH,2018,2.93
Bosnia and Herzegovina,BIH,2019,2.93
Bosnia and Herzegovina,BIH,2020,2.93
Bosnia and Herzegovina,BIH,2021,3.29
Bosnia and Herzegovina,BIH,2022,4
Botswana,BWA,2006,7.860000000000001
Botswana,BWA,2008,7.5
Botswana,BWA,2010,7.139999999999999
Botswana,BWA,2011,7.139999999999999
Botswana,BWA,2012,7.139999999999999
Botswana,BWA,2013,7.139999999999999
Botswana,BWA,2014,7.139999999999999
Botswana,BWA,2015,7.139999999999999
Botswana,BWA,2016,7.139999999999999
Botswana,BWA,2017,7.139999999999999
Botswana,BWA,2018,7.139999999999999
Botswana,BWA,2019,7.139999999999999
Botswana,BWA,2020,6.790000000000001
Botswana,BWA,2021,6.79
Botswana,BWA,2022,6.79
Brazil,BRA,2006,7.860000000000001
Brazil,BRA,2008,7.860000000000001
Brazil,BRA,2010,7.5
Brazil,BRA,2011,7.5
Brazil,BRA,2012,7.5
Brazil,BRA,2013,7.5
Brazil,BRA,2014,7.5
Brazil,BRA,2015,6.790000000000001
Brazil,BRA,2016,6.790000000000001
Brazil,BRA,2017,5.36
Brazil,BRA,2018,5.36
Brazil,BRA,2019,5.36
Brazil,BRA,2020,5.36
Brazil,BRA,2021,5.36
Brazil,BRA,2022,5
Bulgaria,BGR,2006,5.71
Bulgaria,BGR,2008,5.36
Bulgaria,BGR,2010,5.71
Bulgaria,BGR,2011,5.71
Bulgaria,BGR,2012,5.71
Bulgaria,BGR,2013,5.71
Bulgaria,BGR,2014,5.71
Bulgaria,BGR,2015,6.07
Bulgaria,BGR,2016,6.07
Bulgaria,BGR,2017,6.43
Bulgaria,BGR,2018,6.43
Bulgaria,BGR,2019,6.43
Bulgaria,BGR,2020,5.71
Bulgaria,BGR,2021,5.36
Bulgaria,BGR,2022,5.36
Burkina Faso,BFA,2006,1.79
Burkina Faso,BFA,2008,1.79
Burkina Faso,BFA,2010,3.569999999999999
Burkina Faso,BFA,2011,3.569999999999999
Burkina Faso,BFA,2012,3.21
Burkina Faso,BFA,2013,3.569999999999999
Burkina Faso,BFA,2014,2.86
Burkina Faso,BFA,2015,4.29
Burkina Faso,BFA,2016,4.29
Burkina Faso,BFA,2017,4.29
Burkina Faso,BFA,2018,4.29
Burkina Faso,BFA,2019,2.71
Burkina Faso,BFA,2020,2.36
Burkina Faso,BFA,2021,2.36
Burkina Faso,BFA,2022,2.5
Burundi,BDI,2006,3.29
Burundi,BDI,2008,3.29
Burundi,BDI,2010,3.29
Burundi,BDI,2011,3.29
Burundi,BDI,2012,2.57
Burundi,BDI,2013,2.21
Burundi,BDI,2014,2.21
Burundi,BDI,2015,0.43
Burundi,BDI,2016,0.79
Burundi,BDI,2017,0.43
Burundi,BDI,2018,0.43
Burundi,BDI,2019,0.07
Burundi,BDI,2020,0
Burundi,BDI,2021,0
Burundi,BDI,2022,0
Cambodia,KHM,2006,6.07
Cambodia,KHM,2008,6.07
Cambodia,KHM,2010,6.07
Cambodia,KHM,2011,6.07
Cambodia,KHM,2012,6.07
Cambodia,KHM,2013,6.07
Cambodia,KHM,2014,6.43
Cambodia,KHM,2015,5.71
Cambodia,KHM,2016,5.71
Cambodia,KHM,2017,5.71
Cambodia,KHM,2018,5
Cambodia,KHM,2019,4.64
Cambodia,KHM,2020,3.930000000000001
Cambodia,KHM,2021,3.21
Cambodia,KHM,2022,3.21
Cameroon,CMR,2006,3.21
Cameroon,CMR,2008,4.29
Cameroon,CMR,2010,4.29
Cameroon,CMR,2011,4.29
Cameroon,CMR,2012,4.29
Cameroon,CMR,2013,3.569999999999999
Cameroon,CMR,2014,3.569999999999999
Cameroon,CMR,2015,3.569999999999999
Cameroon,CMR,2016,3.21
Cameroon,CMR,2017,2.86
Cameroon,CMR,2018,2.86
Cameroon,CMR,2019,2.5
Cameroon,CMR,2020,2.14
Cameroon,CMR,2021,2.14
Cameroon,CMR,2022,2.14
Canada,CAN,2006,9.64
Canada,CAN,2008,9.64
Canada,CAN,2010,9.29
Canada,CAN,2011,9.29
Canada,CAN,2012,9.29
Canada,CAN,2013,9.29
Canada,CAN,2014,9.29
Canada,CAN,2015,9.29
Canada,CAN,2016,9.64
Canada,CAN,2017,9.64
Canada,CAN,2018,9.64
Canada,CAN,2019,9.64
Canada,CAN,2020,8.93
Canada,CAN,2021,8.21
Canada,CAN,2022,8.57
Cape Verde,CPV,2006,7.860000000000001
Cape Verde,CPV,2008,7.860000000000001
Cape Verde,CPV,2010,7.860000000000001
Cape Verde,CPV,2011,7.860000000000001
Cape Verde,CPV,2012,7.860000000000001
Cape Verde,CPV,2013,7.860000000000001
Cape Verde,CPV,2014,7.860000000000001
Cape Verde,CPV,2015,7.860000000000001
Cape Verde,CPV,2016,7.860000000000001
Cape Verde,CPV,2017,7.860000000000001
Cape Verde,CPV,2018,7.860000000000001
Cape Verde,CPV,2019,7.360000000000001
Cape Verde,CPV,2020,7
Cape Verde,CPV,2021,7
Cape Verde,CPV,2022,7
Central African Republic,CAF,2006,1.43
Central African Republic,CAF,2008,1.07
Central African Republic,CAF,2010,1.07
Central African Republic,CAF,2011,1.07
Central African Republic,CAF,2012,1.07
Central African Republic,CAF,2013,0
Central African Republic,CAF,2014,0
Central African Republic,CAF,2015,0
Central African Republic,CAF,2016,0.36
Central African Republic,CAF,2017,0
Central African Republic,CAF,2018,0
Central African Republic,CAF,2019,0
Central African Republic,CAF,2020,0
Central African Republic,CAF,2021,0
Central African Republic,CAF,2022,0
Chad,TCD,2006,0
Chad,TCD,2008,0
Chad,TCD,2010,0
Chad,TCD,2011,0
Chad,TCD,2012,0
Chad,TCD,2013,0
Chad,TCD,2014,0
Chad,TCD,2015,0
Chad,TCD,2016,0
Chad,TCD,2017,0
Chad,TCD,2018,0
Chad,TCD,2019,0
Chad,TCD,2020,0
Chad,TCD,2021,0
Chad,TCD,2022,0
Chile,CHL,2006,8.93
Chile,CHL,2008,8.93
Chile,CHL,2010,8.57
Chile,CHL,2011,8.57
Chile,CHL,2012,8.57
Chile,CHL,2013,8.93
Chile,CHL,2014,8.93
Chile,CHL,2015,8.57
Chile,CHL,2016,8.57
Chile,CHL,2017,8.57
Chile,CHL,2018,8.57
Chile,CHL,2019,8.57
Chile,CHL,2020,8.21
Chile,CHL,2021,7.86
Chile,CHL,2022,8.21
China,CHN,2006,4.64
China,CHN,2008,5
China,CHN,2010,5
China,CHN,2011,5
China,CHN,2012,4.64
China,CHN,2013,4.64
China,CHN,2014,4.64
China,CHN,2015,4.64
China,CHN,2016,4.64
China,CHN,2017,5
China,CHN,2018,5
China,CHN,2019,4.29
China,CHN,2020,4.29
China,CHN,2021,4.29
China,CHN,2022,3.21
Colombia,COL,2006,4.36
Colombia,COL,2008,5.36
Colombia,COL,2010,7.139999999999999
Colombia,COL,2011,7.5
Colombia,COL,2012,7.5
Colombia,COL,2013,7.139999999999999
Colombia,COL,2014,7.139999999999999
Colombia,COL,2015,7.139999999999999
Colombia,COL,2016,7.139999999999999
Colombia,COL,2017,6.790000000000001
Colombia,COL,2018,6.790000000000001
Colombia,COL,2019,6.790000000000001
Colombia,COL,2020,6.43
Colombia,COL,2021,5.71
Colombia,COL,2022,6.07
Comoros,COM,2006,3.21
Comoros,COM,2008,2.21
Comoros,COM,2010,2.21
Comoros,COM,2011,2.21
Comoros,COM,2012,2.21
Comoros,COM,2013,2.21
Comoros,COM,2014,2.21
Comoros,COM,2015,2.21
Comoros,COM,2016,2.21
Comoros,COM,2017,2.21
Comoros,COM,2018,2.21
Comoros,COM,2019,2.21
Comoros,COM,2020,2.21
Comoros,COM,2021,2.21
Comoros,COM,2022,2.21
Congo,COG,2006,2.86
Congo,COG,2008,2.86
Congo,COG,2010,2.86
Congo,COG,2011,2.86
Congo,COG,2012,2.86
Congo,COG,2013,2.86
Congo,COG,2014,2.86
Congo,COG,2015,2.86
Congo,COG,2016,2.86
Congo,COG,2017,2.5
Congo,COG,2018,2.5
Congo,COG,2019,2.5
Congo,COG,2020,2.5
Congo,COG,2021,2.5
Congo,COG,2022,2.5
Costa Rica,CRI,2006,8.21
Costa Rica,CRI,2008,8.21
Costa Rica,CRI,2010,8.21
Costa Rica,CRI,2011,8.21
Costa Rica,CRI,2012,8.21
Costa Rica,CRI,2013,7.860000000000001
Costa Rica,CRI,2014,7.860000000000001
Costa Rica,CRI,2015,7.5
Costa Rica,CRI,2016,7.139999999999999
Costa Rica,CRI,2017,7.139999999999999
Costa Rica,CRI,2018,7.5
Costa Rica,CRI,2019,7.5
Costa Rica,CRI,2020,6.790000000000001
Costa Rica,CRI,2021,6.43
Costa Rica,CRI,2022,7.5
Cote d'Ivoire,CIV,2006,2.86
Cote d'Ivoire,CIV,2008,2.86
Cote d'Ivoire,CIV,2010,2.86
Cote d'Ivoire,CIV,2011,1.79
Cote d'Ivoire,CIV,2012,1.79
Cote d'Ivoire,CIV,2013,1.79
Cote d'Ivoire,CIV,2014,3.21
Cote d'Ivoire,CIV,2015,3.21
Cote d'Ivoire,CIV,2016,2.86
Cote d'Ivoire,CIV,2017,2.14
Cote d'Ivoire,CIV,2018,2.86
Cote d'Ivoire,CIV,2019,2.86
Cote d'Ivoire,CIV,2020,2.86
Cote d'Ivoire,CIV,2021,2.86
Cote d'Ivoire,CIV,2022,2.86
Croatia,HRV,2006,6.07
Croatia,HRV,2008,6.07
Croatia,HRV,2010,6.07
Croatia,HRV,2011,5.71
Croatia,HRV,2012,6.07
Croatia,HRV,2013,6.07
Croatia,HRV,2014,6.07
Croatia,HRV,2015,6.07
Croatia,HRV,2016,6.07
Croatia,HRV,2017,6.07
Croatia,HRV,2018,6.07
Croatia,HRV,2019,6.07
Croatia,HRV,2020,6.07
Croatia,HRV,2021,6.07
Croatia,HRV,2022,6.07
Cuba,CUB,2006,4.64
Cuba,CUB,2008,4.64
Cuba,CUB,2010,4.64
Cuba,CUB,2011,4.64
Cuba,CUB,2012,4.64
Cuba,CUB,2013,4.64
Cuba,CUB,2014,4.64
Cuba,CUB,2015,4.64
Cuba,CUB,2016,4.64
Cuba,CUB,2017,4.29
Cuba,CUB,2018,3.569999999999999
Cuba,CUB,2019,3.569999999999999
Cuba,CUB,2020,3.569999999999999
Cuba,CUB,2021,3.21
Cuba,CUB,2022,3.21
Cyprus,CYP,2006,6.790000000000001
Cyprus,CYP,2008,6.07
Cyprus,CYP,2010,6.43
Cyprus,CYP,2011,6.43
Cyprus,CYP,2012,6.43
Cyprus,CYP,2013,6.43
Cyprus,CYP,2014,6.43
Cyprus,CYP,2015,6.43
Cyprus,CYP,2016,6.43
Cyprus,CYP,2017,6.43
Cyprus,CYP,2018,6.43
Cyprus,CYP,2019,6.43
Cyprus,CYP,2020,5.36
Cyprus,CYP,2021,5.36
Cyprus,CYP,2022,5.36
Czechia,CZE,2006,6.790000000000001
Czechia,CZE,2008,7.139999999999999
Czechia,CZE,2010,7.139999999999999
Czechia,CZE,2011,7.139999999999999
Czechia,CZE,2012,7.139999999999999
Czechia,CZE,2013,7.139999999999999
Czechia,CZE,2014,7.139999999999999
Czechia,CZE,2015,7.139999999999999
Czechia,CZE,2016,7.139999999999999
Czechia,CZE,2017,6.43
Czechia,CZE,2018,6.790000000000001
Czechia,CZE,2019,6.790000000000001
Czechia,CZE,2020,6.07
Czechia,CZE,2021,6.43
Czechia,CZE,2022,6.43
Democratic Republic of Congo,COD,2006,0.36
Democratic Republic of Congo,COD,2008,0.71
Democratic Republic of Congo,COD,2010,1.07
Democratic Republic of Congo,COD,2011,1.07
Democratic Republic of Congo,COD,2012,0.71
Democratic Republic of Congo,COD,2013,0.71
Democratic Republic of Congo,COD,2014,0.71
Democratic Republic of Congo,COD,2015,0.71
Democratic Republic of Congo,COD,2016,0.71
Democratic Republic of Congo,COD,2017,0.71
Democratic Republic of Congo,COD,2018,0.71
Democratic Republic of Congo,COD,2019,0
Democratic Republic of Congo,COD,2020,0
Democratic Republic of Congo,COD,2021,0
Democratic Republic of Congo,COD,2022,0
Denmark,DNK,2006,9.64
Denmark,DNK,2008,9.64
Denmark,DNK,2010,9.64
Denmark,DNK,2011,9.64
Denmark,DNK,2012,9.64
Denmark,DNK,2013,9.64
Denmark,DNK,2014,9.29
Denmark,DNK,2015,9.29
Denmark,DNK,2016,9.29
Denmark,DNK,2017,9.29
Denmark,DNK,2018,9.29
Denmark,DNK,2019,9.29
Denmark,DNK,2020,8.93
Denmark,DNK,2021,8.93
Denmark,DNK,2022,9.29
Djibouti,DJI,2006,1.43
Djibouti,DJI,2008,1.43
Djibouti,DJI,2010,1.43
Djibouti,DJI,2011,1.79
Djibouti,DJI,2012,1.79
Djibouti,DJI,2013,1.79
Djibouti,DJI,2014,2.5
Djibouti,DJI,2015,2.5
Djibouti,DJI,2016,2.14
Djibouti,DJI,2017,1.79
Djibouti,DJI,2018,1.79
Djibouti,DJI,2019,1.29
Djibouti,DJI,2020,1.29
Djibouti,DJI,2021,1.29
Djibouti,DJI,2022,1.29
Dominican Republic,DOM,2006,4.29
Dominican Republic,DOM,2008,4.64
Dominican Republic,DOM,2010,5
Dominican Republic,DOM,2011,5
Dominican Republic,DOM,2012,5.36
Dominican Republic,DOM,2013,6.07
Dominican Republic,DOM,2014,5.71
Dominican Republic,DOM,2015,5.71
Dominican Republic,DOM,2016,5.71
Dominican Republic,DOM,2017,5.36
Dominican Republic,DOM,2018,5.36
Dominican Republic,DOM,2019,5.36
Dominican Republic,DOM,2020,4.29
Dominican Republic,DOM,2021,5
Dominican Republic,DOM,2022,5.36
East Timor,TLS,2006,5.57
East Timor,TLS,2008,6.790000000000001
East Timor,TLS,2010,6.790000000000001
East Timor,TLS,2011,6.790000000000001
East Timor,TLS,2012,6.790000000000001
East Timor,TLS,2013,7.139999999999999
East Timor,TLS,2014,7.139999999999999
East Timor,TLS,2015,7.139999999999999
East Timor,TLS,2016,7.139999999999999
East Timor,TLS,2017,6.790000000000001
East Timor,TLS,2018,6.790000000000001
East Timor,TLS,2019,6.29
East Timor,TLS,2020,5.93
East Timor,TLS,2021,5.93
East Timor,TLS,2022,5.93
Ecuador,ECU,2006,4.29
Ecuador,ECU,2008,4.29
Ecuador,ECU,2010,4.64
Ecuador,ECU,2011,4.64
Ecuador,ECU,2012,4.64
Ecuador,ECU,2013,4.64
Ecuador,ECU,2014,4.64
Ecuador,ECU,2015,4.64
Ecuador,ECU,2016,4.64
Ecuador,ECU,2017,4.64
Ecuador,ECU,2018,5.36
Ecuador,ECU,2019,5.36
Ecuador,ECU,2020,5
Ecuador,ECU,2021,5
Ecuador,ECU,2022,5
Egypt,EGY,2006,3.64
Egypt,EGY,2008,3.21
Egypt,EGY,2010,3.21
Egypt,EGY,2011,3.21
Egypt,EGY,2012,4.64
Egypt,EGY,2013,2.5
Egypt,EGY,2014,2.86
Egypt,EGY,2015,2.86
Egypt,EGY,2016,3.930000000000001
Egypt,EGY,2017,3.21
Egypt,EGY,2018,3.21
Egypt,EGY,2019,3.21
Egypt,EGY,2020,3.21
Egypt,EGY,2021,3.21
Egypt,EGY,2022,3.21
El Salvador,SLV,2006,5.43
El Salvador,SLV,2008,5.71
El Salvador,SLV,2010,6.07
El Salvador,SLV,2011,6.07
El Salvador,SLV,2012,6.07
El Salvador,SLV,2013,6.07
El Salvador,SLV,2014,6.07
El Salvador,SLV,2015,6.07
El Salvador,SLV,2016,6.07
El Salvador,SLV,2017,5.36
El Salvador,SLV,2018,4.29
El Salvador,SLV,2019,4.64
El Salvador,SLV,2020,4.29
El Salvador,SLV,2021,3.93
El Salvador,SLV,2022,3.57
Equatorial Guinea,GNQ,2006,2.86
Equatorial Guinea,GNQ,2008,2.86
Equatorial Guinea,GNQ,2010,0.79
Equatorial Guinea,GNQ,2011,0.79
Equatorial Guinea,GNQ,2012,0.79
Equatorial Guinea,GNQ,2013,0.79
Equatorial Guinea,GNQ,2014,0.79
Equatorial Guinea,GNQ,2015,0.79
Equatorial Guinea,GNQ,2016,0.43
Equatorial Guinea,GNQ,2017,0.43
Equatorial Guinea,GNQ,2018,0.43
Equatorial Guinea,GNQ,2019,0.43
Equatorial Guinea,GNQ,2020,0.43
Equatorial Guinea,GNQ,2021,0.43
Equatorial Guinea,GNQ,2022,0.43
Eritrea,ERI,2006,2.14
Eritrea,ERI,2008,2.14
Eritrea,ERI,2010,2.14
Eritrea,ERI,2011,2.86
Eritrea,ERI,2012,2.86
Eritrea,ERI,2013,2.86
Eritrea,ERI,2014,2.5
Eritrea,ERI,2015,2.14
Eritrea,ERI,2016,2.14
Eritrea,ERI,2017,2.14
Eritrea,ERI,2018,2.14
Eritrea,ERI,2019,2.14
Eritrea,ERI,2020,2.14
Eritrea,ERI,2021,2.14
Eritrea,ERI,2022,2.14
Estonia,EST,2006,7.5
Estonia,EST,2008,7.5
Estonia,EST,2010,7.5
Estonia,EST,2011,7.139999999999999
Estonia,EST,2012,7.139999999999999
Estonia,EST,2013,7.139999999999999
Estonia,EST,2014,7.860000000000001
Estonia,EST,2015,7.860000000000001
Estonia,EST,2016,7.860000000000001
Estonia,EST,2017,7.860000000000001
Estonia,EST,2018,8.21
Estonia,EST,2019,7.860000000000001
Estonia,EST,2020,7.860000000000001
Estonia,EST,2021,7.86
Estonia,EST,2022,7.86
Eswatini,SWZ,2006,2.86
Eswatini,SWZ,2008,2.86
Eswatini,SWZ,2010,2.86
Eswatini,SWZ,2011,2.86
Eswatini,SWZ,2012,2.86
Eswatini,SWZ,2013,2.86
Eswatini,SWZ,2014,2.86
Eswatini,SWZ,2015,2.86
Eswatini,SWZ,2016,2.86
Eswatini,SWZ,2017,2.86
Eswatini,SWZ,2018,2.86
Eswatini,SWZ,2019,2.86
Eswatini,SWZ,2020,2.86
Eswatini,SWZ,2021,2.86
Eswatini,SWZ,2022,2.5
Ethiopia,ETH,2006,3.930000000000001
Ethiopia,ETH,2008,3.930000000000001
Ethiopia,ETH,2010,3.930000000000001
Ethiopia,ETH,2011,3.930000000000001
Ethiopia,ETH,2012,3.569999999999999
Ethiopia,ETH,2013,3.569999999999999
Ethiopia,ETH,2014,3.569999999999999
Ethiopia,ETH,2015,3.569999999999999
Ethiopia,ETH,2016,3.569999999999999
Ethiopia,ETH,2017,3.569999999999999
Ethiopia,ETH,2018,3.569999999999999
Ethiopia,ETH,2019,3.569999999999999
Ethiopia,ETH,2020,3.569999999999999
Ethiopia,ETH,2021,3.21
Ethiopia,ETH,2022,2.86
Fiji,FJI,2006,5.21
Fiji,FJI,2008,3.21
Fiji,FJI,2010,2.86
Fiji,FJI,2011,2.86
Fiji,FJI,2012,2.86
Fiji,FJI,2013,2.86
Fiji,FJI,2014,5.71
Fiji,FJI,2015,5.71
Fiji,FJI,2016,5.71
Fiji,FJI,2017,5.36
Fiji,FJI,2018,5.36
Fiji,FJI,2019,5.36
Fiji,FJI,2020,5
Fiji,FJI,2021,5
Fiji,FJI,2022,5
Finland,FIN,2006,10
Finland,FIN,2008,10
Finland,FIN,2010,9.64
Finland,FIN,2011,9.64
Finland,FIN,2012,9.64
Finland,FIN,2013,8.93
Finland,FIN,2014,8.93
Finland,FIN,2015,8.93
Finland,FIN,2016,8.93
Finland,FIN,2017,8.93
Finland,FIN,2018,8.93
Finland,FIN,2019,8.93
Finland,FIN,2020,8.93
Finland,FIN,2021,9.29
Finland,FIN,2022,9.64
France,FRA,2006,7.5
France,FRA,2008,7.5
France,FRA,2010,7.139999999999999
France,FRA,2011,7.139999999999999
France,FRA,2012,7.139999999999999
France,FRA,2013,6.790000000000001
France,FRA,2014,7.139999999999999
France,FRA,2015,7.139999999999999
France,FRA,2016,7.139999999999999
France,FRA,2017,7.5
France,FRA,2018,7.5
France,FRA,2019,7.860000000000001
France,FRA,2020,7.5
France,FRA,2021,7.5
France,FRA,2022,7.86
Gabon,GAB,2006,3.21
Gabon,GAB,2008,2.21
Gabon,GAB,2010,2.21
Gabon,GAB,2011,2.21
Gabon,GAB,2012,2.21
Gabon,GAB,2013,2.21
Gabon,GAB,2014,2.21
Gabon,GAB,2015,2.21
Gabon,GAB,2016,2.21
Gabon,GAB,2017,2.21
Gabon,GAB,2018,2.21
Gabon,GAB,2019,2.21
Gabon,GAB,2020,1.86
Gabon,GAB,2021,1.86
Gabon,GAB,2022,1.86
Gambia,GMB,2006,4.64
Gambia,GMB,2008,4.64
Gambia,GMB,2010,4.29
Gambia,GMB,2011,4.29
Gambia,GMB,2012,3.930000000000001
Gambia,GMB,2013,3.930000000000001
Gambia,GMB,2014,3.930000000000001
Gambia,GMB,2015,3.930000000000001
Gambia,GMB,2016,3.21
Gambia,GMB,2017,3.930000000000001
Gambia,GMB,2018,4.29
Gambia,GMB,2019,4.29
Gambia,GMB,2020,4.29
Gambia,GMB,2021,4.29
Gambia,GMB,2022,4.29
Georgia,GEO,2006,1.79
Georgia,GEO,2008,0.79
Georgia,GEO,2010,2.14
Georgia,GEO,2011,2.14
Georgia,GEO,2012,3.21
Georgia,GEO,2013,4.64
Georgia,GEO,2014,4.64
Georgia,GEO,2015,4.29
Georgia,GEO,2016,4.29
Georgia,GEO,2017,4.29
Georgia,GEO,2018,3.569999999999999
Georgia,GEO,2019,3.21
Georgia,GEO,2020,3.569999999999999
Georgia,GEO,2021,3.57
Georgia,GEO,2022,3.57
Germany,DEU,2006,8.57
Germany,DEU,2008,8.57
Germany,DEU,2010,7.860000000000001
Germany,DEU,2011,8.21
Germany,DEU,2012,8.21
Germany,DEU,2013,7.5
Germany,DEU,2014,8.57
Germany,DEU,2015,8.57
Germany,DEU,2016,8.57
Germany,DEU,2017,8.21
Germany,DEU,2018,8.57
Germany,DEU,2019,8.57
Germany,DEU,2020,8.21
Germany,DEU,2021,8.21
Germany,DEU,2022,8.57
Ghana,GHA,2006,4.64
Ghana,GHA,2008,4.64
Ghana,GHA,2010,5
Ghana,GHA,2011,5
Ghana,GHA,2012,5
Ghana,GHA,2013,5.36
Ghana,GHA,2014,5.36
Ghana,GHA,2015,5.71
Ghana,GHA,2016,5.71
Ghana,GHA,2017,5.71
Ghana,GHA,2018,5.71
Ghana,GHA,2019,5.71
Ghana,GHA,2020,5.36
Ghana,GHA,2021,5.36
Ghana,GHA,2022,5
Greece,GRC,2006,7.5
Greece,GRC,2008,7.5
Greece,GRC,2010,6.43
Greece,GRC,2011,5.71
Greece,GRC,2012,5.71
Greece,GRC,2013,5.71
Greece,GRC,2014,5.36
Greece,GRC,2015,5.36
Greece,GRC,2016,5.36
Greece,GRC,2017,5.36
Greece,GRC,2018,5.36
Greece,GRC,2019,4.86
Greece,GRC,2020,5.21
Greece,GRC,2021,6.07
Greece,GRC,2022,7.14
Guatemala,GTM,2006,6.790000000000001
Guatemala,GTM,2008,6.790000000000001
Guatemala,GTM,2010,6.43
Guatemala,GTM,2011,6.43
Guatemala,GTM,2012,6.43
Guatemala,GTM,2013,6.07
Guatemala,GTM,2014,6.07
Guatemala,GTM,2015,6.07
Guatemala,GTM,2016,6.07
Guatemala,GTM,2017,5.71
Guatemala,GTM,2018,5.36
Guatemala,GTM,2019,4.64
Guatemala,GTM,2020,3.930000000000001
Guatemala,GTM,2021,3.93
Guatemala,GTM,2022,3.93
Guinea,GIN,2006,0.79
Guinea,GIN,2008,0.43
Guinea,GIN,2010,0.43
Guinea,GIN,2011,0.43
Guinea,GIN,2012,0.43
Guinea,GIN,2013,0.43
Guinea,GIN,2014,0.43
Guinea,GIN,2015,0.43
Guinea,GIN,2016,0.43
Guinea,GIN,2017,0.43
Guinea,GIN,2018,0.43
Guinea,GIN,2019,0.43
Guinea,GIN,2020,0.43
Guinea,GIN,2021,0.43
Guinea,GIN,2022,0.43
Guinea-Bissau,GNB,2006,0.07
Guinea-Bissau,GNB,2008,0
Guinea-Bissau,GNB,2010,0
Guinea-Bissau,GNB,2011,0
Guinea-Bissau,GNB,2012,0
Guinea-Bissau,GNB,2013,0
Guinea-Bissau,GNB,2014,0
Guinea-Bissau,GNB,2015,0
Guinea-Bissau,GNB,2016,0
Guinea-Bissau,GNB,2017,0
Guinea-Bissau,GNB,2018,0
Guinea-Bissau,GNB,2019,0
Guinea-Bissau,GNB,2020,0
Guinea-Bissau,GNB,2021,0
Guinea-Bissau,GNB,2022,0
Guyana,GUY,2006,5.36
Guyana,GUY,2008,5.71
Guyana,GUY,2010,5.36
Guyana,GUY,2011,5.36
Guyana,GUY,2012,5.36
Guyana,GUY,2013,5.36
Guyana,GUY,2014,4.64
Guyana,GUY,2015,5.36
Guyana,GUY,2016,5.36
Guyana,GUY,2017,5.71
Guyana,GUY,2018,5.71
Guyana,GUY,2019,5.36
Guyana,GUY,2020,5.36
Guyana,GUY,2021,6.07
Guyana,GUY,2022,6.07
Haiti,HTI,2006,3.64
Haiti,HTI,2008,3.64
Haiti,HTI,2010,1.86
Haiti,HTI,2011,1.86
Haiti,HTI,2012,2.21
Haiti,HTI,2013,2.21
Haiti,HTI,2014,2.21
Haiti,HTI,2015,2.21
Haiti,HTI,2016,2.21
Haiti,HTI,2017,2.21
Haiti,HTI,2018,2.93
Haiti,HTI,2019,2.07
Haiti,HTI,2020,1.71
Haiti,HTI,2021,0
Haiti,HTI,2022,0
Honduras,HND,2006,6.43
Honduras,HND,2008,6.07
Honduras,HND,2010,5.71
Honduras,HND,2011,5.71
Honduras,HND,2012,5.71
Honduras,HND,2013,5.71
Honduras,HND,2014,5.71
Honduras,HND,2015,5.71
Honduras,HND,2016,5.71
Honduras,HND,2017,5.36
Honduras,HND,2018,4.64
Honduras,HND,2019,4.29
Honduras,HND,2020,4.29
Honduras,HND,2021,3.93
Honduras,HND,2022,3.93
Hong Kong,HKG,2006,5.71
Hong Kong,HKG,2008,5.71
Hong Kong,HKG,2010,5.36
Hong Kong,HKG,2011,5.36
Hong Kong,HKG,2012,6.07
Hong Kong,HKG,2013,6.07
Hong Kong,HKG,2014,5.71
Hong Kong,HKG,2015,5.71
Hong Kong,HKG,2016,5.71
Hong Kong,HKG,2017,6.07
Hong Kong,HKG,2018,6.07
Hong Kong,HKG,2019,4.36
Hong Kong,HKG,2020,3.64
Hong Kong,HKG,2021,3.64
Hong Kong,HKG,2022,3.29
Hungary,HUN,2006,6.790000000000001
Hungary,HUN,2008,6.07
Hungary,HUN,2010,6.07
Hungary,HUN,2011,6.07
Hungary,HUN,2012,6.07
Hungary,HUN,2013,6.07
Hungary,HUN,2014,6.07
Hungary,HUN,2015,6.07
Hungary,HUN,2016,6.07
Hungary,HUN,2017,6.07
Hungary,HUN,2018,6.07
Hungary,HUN,2019,6.07
Hungary,HUN,2020,6.43
Hungary,HUN,2021,6.43
Hungary,HUN,2022,6.79
Iceland,ISL,2006,9.64
Iceland,ISL,2008,9.64
Iceland,ISL,2010,9.64
Iceland,ISL,2011,9.64
Iceland,ISL,2012,9.64
Iceland,ISL,2013,9.64
Iceland,ISL,2014,9.29
Iceland,ISL,2015,9.29
Iceland,ISL,2016,8.93
Iceland,ISL,2017,9.29
Iceland,ISL,2018,9.29
Iceland,ISL,2019,9.29
Iceland,ISL,2020,8.57
Iceland,ISL,2021,8.21
Iceland,ISL,2022,9.64
India,IND,2006,8.21
India,IND,2008,8.21
India,IND,2010,8.57
India,IND,2011,7.5
India,IND,2012,7.5
India,IND,2013,7.139999999999999
India,IND,2014,7.139999999999999
India,IND,2015,7.139999999999999
India,IND,2016,7.5
India,IND,2017,6.790000000000001
India,IND,2018,6.790000000000001
India,IND,2019,6.790000000000001
India,IND,2020,7.139999999999999
India,IND,2021,7.5
India,IND,2022,7.5
Indonesia,IDN,2006,7.139999999999999
Indonesia,IDN,2008,6.790000000000001
Indonesia,IDN,2010,7.5
Indonesia,IDN,2011,7.5
Indonesia,IDN,2012,7.5
Indonesia,IDN,2013,7.5
Indonesia,IDN,2014,7.139999999999999
Indonesia,IDN,2015,7.139999999999999
Indonesia,IDN,2016,7.139999999999999
Indonesia,IDN,2017,7.139999999999999
Indonesia,IDN,2018,7.139999999999999
Indonesia,IDN,2019,7.139999999999999
Indonesia,IDN,2020,7.5
Indonesia,IDN,2021,7.86
Indonesia,IDN,2022,7.86
Iran,IRN,2006,3.569999999999999
Iran,IRN,2008,2.86
Iran,IRN,2010,3.21
Iran,IRN,2011,2.86
Iran,IRN,2012,2.86
Iran,IRN,2013,2.86
Iran,IRN,2014,2.86
Iran,IRN,2015,2.86
Iran,IRN,2016,3.21
Iran,IRN,2017,3.21
Iran,IRN,2018,3.21
Iran,IRN,2019,2.86
Iran,IRN,2020,2.5
Iran,IRN,2021,2.5
Iran,IRN,2022,2.5
Iraq,IRQ,2006,0
Iraq,IRQ,2008,0.07
Iraq,IRQ,2010,0.79
Iraq,IRQ,2011,0.43
Iraq,IRQ,2012,0.79
Iraq,IRQ,2013,0.79
Iraq,IRQ,2014,0.79
Iraq,IRQ,2015,0.07
Iraq,IRQ,2016,0.07
Iraq,IRQ,2017,0.07
Iraq,IRQ,2018,0.07
Iraq,IRQ,2019,0
Iraq,IRQ,2020,0
Iraq,IRQ,2021,0
Iraq,IRQ,2022,0
Ireland,IRL,2006,8.93
Ireland,IRL,2008,8.93
Ireland,IRL,2010,7.860000000000001
Ireland,IRL,2011,7.860000000000001
Ireland,IRL,2012,7.860000000000001
Ireland,IRL,2013,7.860000000000001
Ireland,IRL,2014,7.5
Ireland,IRL,2015,7.5
Ireland,IRL,2016,7.860000000000001
Ireland,IRL,2017,7.860000000000001
Ireland,IRL,2018,7.860000000000001
Ireland,IRL,2019,7.860000000000001
Ireland,IRL,2020,7.860000000000001
Ireland,IRL,2021,7.86
Ireland,IRL,2022,8.21
Israel,ISR,2006,6.639999999999999
Israel,ISR,2008,7.5
Israel,ISR,2010,7.5
Israel,ISR,2011,7.5
Israel,ISR,2012,7.5
Israel,ISR,2013,7.5
Israel,ISR,2014,7.139999999999999
Israel,ISR,2015,7.139999999999999
Israel,ISR,2016,7.5
Israel,ISR,2017,7.5
Israel,ISR,2018,7.5
Israel,ISR,2019,7.860000000000001
Israel,ISR,2020,7.5
Israel,ISR,2021,7.5
Israel,ISR,2022,7.86
Italy,ITA,2006,6.43
Italy,ITA,2008,6.43
Italy,ITA,2010,6.790000000000001
Italy,ITA,2011,6.43
Italy,ITA,2012,6.43
Italy,ITA,2013,6.43
Italy,ITA,2014,6.43
Italy,ITA,2015,6.43
Italy,ITA,2016,6.43
Italy,ITA,2017,6.43
Italy,ITA,2018,6.07
Italy,ITA,2019,6.07
Italy,ITA,2020,6.43
Italy,ITA,2021,6.43
Italy,ITA,2022,6.79
Jamaica,JAM,2006,7.139999999999999
Jamaica,JAM,2008,6.790000000000001
Jamaica,JAM,2010,6.790000000000001
Jamaica,JAM,2011,6.43
Jamaica,JAM,2012,6.790000000000001
Jamaica,JAM,2013,6.790000000000001
Jamaica,JAM,2014,6.790000000000001
Jamaica,JAM,2015,6.790000000000001
Jamaica,JAM,2016,6.790000000000001
Jamaica,JAM,2017,7.139999999999999
Jamaica,JAM,2018,7.139999999999999
Jamaica,JAM,2019,7.139999999999999
Jamaica,JAM,2020,7.139999999999999
Jamaica,JAM,2021,7.14
Jamaica,JAM,2022,7.14
Japan,JPN,2006,7.860000000000001
Japan,JPN,2008,8.21
Japan,JPN,2010,8.21
Japan,JPN,2011,8.21
Japan,JPN,2012,8.21
Japan,JPN,2013,8.21
Japan,JPN,2014,8.21
Japan,JPN,2015,8.21
Japan,JPN,2016,8.21
Japan,JPN,2017,8.21
Japan,JPN,2018,8.21
Japan,JPN,2019,8.21
Japan,JPN,2020,8.57
Japan,JPN,2021,8.57
Japan,JPN,2022,8.57
Jordan,JOR,2006,3.79
Jordan,JOR,2008,3.21
Jordan,JOR,2010,4.64
Jordan,JOR,2011,4.29
Jordan,JOR,2012,3.930000000000001
Jordan,JOR,2013,3.930000000000001
Jordan,JOR,2014,3.930000000000001
Jordan,JOR,2015,3.930000000000001
Jordan,JOR,2016,4.29
Jordan,JOR,2017,4.29
Jordan,JOR,2018,4.29
Jordan,JOR,2019,4.29
Jordan,JOR,2020,3.930000000000001
Jordan,JOR,2021,3.93
Jordan,JOR,2022,3.21
Kazakhstan,KAZ,2006,2.14
Kazakhstan,KAZ,2008,2.14
Kazakhstan,KAZ,2010,2.14
Kazakhstan,KAZ,2011,2.14
Kazakhstan,KAZ,2012,2.14
Kazakhstan,KAZ,2013,2.14
Kazakhstan,KAZ,2014,2.14
Kazakhstan,KAZ,2015,2.14
Kazakhstan,KAZ,2016,2.14
Kazakhstan,KAZ,2017,2.14
Kazakhstan,KAZ,2018,2.14
Kazakhstan,KAZ,2019,2.14
Kazakhstan,KAZ,2020,3.21
Kazakhstan,KAZ,2021,3.21
Kazakhstan,KAZ,2022,3.21
Kenya,KEN,2006,4.29
Kenya,KEN,2008,4.29
Kenya,KEN,2010,4.29
Kenya,KEN,2011,4.29
Kenya,KEN,2012,4.29
Kenya,KEN,2013,4.29
Kenya,KEN,2014,4.29
Kenya,KEN,2015,5
Kenya,KEN,2016,5
Kenya,KEN,2017,5.36
Kenya,KEN,2018,5.36
Kenya,KEN,2019,5.71
Kenya,KEN,2020,5.36
Kenya,KEN,2021,5.36
Kenya,KEN,2022,5.36
Kuwait,KWT,2006,4.14
Kuwait,KWT,2008,4.29
Kuwait,KWT,2010,4.29
Kuwait,KWT,2011,4.29
Kuwait,KWT,2012,3.930000000000001
Kuwait,KWT,2013,3.930000000000001
Kuwait,KWT,2014,3.930000000000001
Kuwait,KWT,2015,4.29
Kuwait,KWT,2016,4.29
Kuwait,KWT,2017,4.29
Kuwait,KWT,2018,4.29
Kuwait,KWT,2019,4.29
Kuwait,KWT,2020,3.930000000000001
Kuwait,KWT,2021,3.93
Kuwait,KWT,2022,3.93
Kyrgyzstan,KGZ,2006,1.86
Kyrgyzstan,KGZ,2008,1.86
Kyrgyzstan,KGZ,2010,1.14
Kyrgyzstan,KGZ,2011,1.86
Kyrgyzstan,KGZ,2012,2.21
Kyrgyzstan,KGZ,2013,2.21
Kyrgyzstan,KGZ,2014,3.29
Kyrgyzstan,KGZ,2015,3.29
Kyrgyzstan,KGZ,2016,2.93
Kyrgyzstan,KGZ,2017,2.93
Kyrgyzstan,KGZ,2018,2.93
Kyrgyzstan,KGZ,2019,2.93
Kyrgyzstan,KGZ,2020,2.93
Kyrgyzstan,KGZ,2021,1.5
Kyrgyzstan,KGZ,2022,1.5
Laos,LAO,2006,3.21
Laos,LAO,2008,3.21
Laos,LAO,2010,3.21
Laos,LAO,2011,3.21
Laos,LAO,2012,3.21
Laos,LAO,2013,3.21
Laos,LAO,2014,3.21
Laos,LAO,2015,3.21
Laos,LAO,2016,2.86
Laos,LAO,2017,2.86
Laos,LAO,2018,2.86
Laos,LAO,2019,2.86
Laos,LAO,2020,2.86
Laos,LAO,2021,2.86
Laos,LAO,2022,2.86
Latvia,LVA,2006,6.43
Latvia,LVA,2008,5.71
Latvia,LVA,2010,5.36
Latvia,LVA,2011,5.36
Latvia,LVA,2012,5.36
Latvia,LVA,2013,5.36
Latvia,LVA,2014,5.71
Latvia,LVA,2015,5.71
Latvia,LVA,2016,5.71
Latvia,LVA,2017,5.71
Latvia,LVA,2018,6.07
Latvia,LVA,2019,6.07
Latvia,LVA,2020,6.07
Latvia,LVA,2021,6.07
Latvia,LVA,2022,6.07
Lebanon,LBN,2006,2.36
Lebanon,LBN,2008,3.21
Lebanon,LBN,2010,3.930000000000001
Lebanon,LBN,2011,2.14
Lebanon,LBN,2012,1.79
Lebanon,LBN,2013,1.79
Lebanon,LBN,2014,2.14
Lebanon,LBN,2015,2.14
Lebanon,LBN,2016,2.14
Lebanon,LBN,2017,2.57
Lebanon,LBN,2018,2.21
Lebanon,LBN,2019,1.5
Lebanon,LBN,2020,1.5
Lebanon,LBN,2021,1.14
Lebanon,LBN,2022,0.79
Lesotho,LSO,2006,6.43
Lesotho,LSO,2008,6.07
Lesotho,LSO,2010,6.07
Lesotho,LSO,2011,5.71
Lesotho,LSO,2012,5.71
Lesotho,LSO,2013,5.71
Lesotho,LSO,2014,5.71
Lesotho,LSO,2015,5.36
Lesotho,LSO,2016,5.36
Lesotho,LSO,2017,5
Lesotho,LSO,2018,5
Lesotho,LSO,2019,4.5
Lesotho,LSO,2020,4.14
Lesotho,LSO,2021,4.14
Lesotho,LSO,2022,4.14
Liberia,LBR,2006,2.14
Liberia,LBR,2008,0.79
Liberia,LBR,2010,0.79
Liberia,LBR,2011,0.79
Liberia,LBR,2012,0.79
Liberia,LBR,2013,0.79
Liberia,LBR,2014,0.79
Liberia,LBR,2015,0.79
Liberia,LBR,2016,2.57
Liberia,LBR,2017,2.57
Liberia,LBR,2018,2.57
Liberia,LBR,2019,3.07
Liberia,LBR,2020,2.71
Liberia,LBR,2021,2.71
Liberia,LBR,2022,2.71
Libya,LBY,2006,1.64
Libya,LBY,2008,2.14
Libya,LBY,2010,2.14
Libya,LBY,2011,2.86
Libya,LBY,2012,5.71
Libya,LBY,2013,4.64
Libya,LBY,2014,2.5
Libya,LBY,2015,0
Libya,LBY,2016,0
Libya,LBY,2017,0.36
Libya,LBY,2018,0.36
Libya,LBY,2019,0
Libya,LBY,2020,0
Libya,LBY,2021,0
Libya,LBY,2022,0
Lithuania,LTU,2006,6.43
Lithuania,LTU,2008,5.71
Lithuania,LTU,2010,5.71
Lithuania,LTU,2011,5.71
Lithuania,LTU,2012,5.71
Lithuania,LTU,2013,6.07
Lithuania,LTU,2014,6.07
Lithuania,LTU,2015,6.07
Lithuania,LTU,2016,5.71
Lithuania,LTU,2017,5.71
Lithuania,LTU,2018,6.43
Lithuania,LTU,2019,6.43
Lithuania,LTU,2020,6.07
Lithuania,LTU,2021,6.07
Lithuania,LTU,2022,6.43
Luxembourg,LUX,2006,9.29
Luxembourg,LUX,2008,9.29
Luxembourg,LUX,2010,9.29
Luxembourg,LUX,2011,9.29
Luxembourg,LUX,2012,9.29
Luxembourg,LUX,2013,9.29
Luxembourg,LUX,2014,9.29
Luxembourg,LUX,2015,9.29
Luxembourg,LUX,2016,8.93
Luxembourg,LUX,2017,8.93
Luxembourg,LUX,2018,8.93
Luxembourg,LUX,2019,8.93
Luxembourg,LUX,2020,8.57
Luxembourg,LUX,2021,8.57
Luxembourg,LUX,2022,8.93
Madagascar,MDG,2006,5.71
Madagascar,MDG,2008,5.71
Madagascar,MDG,2010,2.14
Madagascar,MDG,2011,2.14
Madagascar,MDG,2012,2.14
Madagascar,MDG,2013,2.14
Madagascar,MDG,2014,2.5
Madagascar,MDG,2015,2.86
Madagascar,MDG,2016,3.569999999999999
Madagascar,MDG,2017,3.569999999999999
Madagascar,MDG,2018,3.569999999999999
Madagascar,MDG,2019,3.569999999999999
Madagascar,MDG,2020,3.569999999999999
Madagascar,MDG,2021,3.57
Madagascar,MDG,2022,3.57
Malawi,MWI,2006,5
Malawi,MWI,2008,5
Malawi,MWI,2010,5.71
Malawi,MWI,2011,5.71
Malawi,MWI,2012,5.71
Malawi,MWI,2013,5
Malawi,MWI,2014,4.29
Malawi,MWI,2015,4.29
Malawi,MWI,2016,4.29
Malawi,MWI,2017,4.29
Malawi,MWI,2018,4.29
Malawi,MWI,2019,4.29
Malawi,MWI,2020,4.29
Malawi,MWI,2021,4.29
Malawi,MWI,2022,4.29
Maldives,MDV,2019,3.54
Malaysia,MYS,2006,5.71
Malaysia,MYS,2008,6.07
Malaysia,MYS,2010,6.790000000000001
Malaysia,MYS,2011,6.790000000000001
Malaysia,MYS,2012,7.860000000000001
Malaysia,MYS,2013,7.860000000000001
Malaysia,MYS,2014,7.860000000000001
Malaysia,MYS,2015,7.860000000000001
Malaysia,MYS,2016,7.860000000000001
Malaysia,MYS,2017,7.860000000000001
Malaysia,MYS,2018,7.860000000000001
Malaysia,MYS,2019,7.860000000000001
Malaysia,MYS,2020,7.860000000000001
Malaysia,MYS,2021,7.86
Malaysia,MYS,2022,7.86
Mali,MLI,2006,5.71
Mali,MLI,2008,5.71
Mali,MLI,2010,6.43
Mali,MLI,2011,6.43
Mali,MLI,2012,3.569999999999999
Mali,MLI,2013,3.930000000000001
Mali,MLI,2014,3.930000000000001
Mali,MLI,2015,3.930000000000001
Mali,MLI,2016,3.930000000000001
Mali,MLI,2017,3.930000000000001
Mali,MLI,2018,3.930000000000001
Mali,MLI,2019,3.07
Mali,MLI,2020,0
Mali,MLI,2021,0
Mali,MLI,2022,0
Malta,MLT,2006,8.21
Malta,MLT,2008,8.21
Malta,MLT,2010,8.21
Malta,MLT,2011,8.21
Malta,MLT,2012,8.21
Malta,MLT,2013,8.21
Malta,MLT,2014,8.21
Malta,MLT,2015,8.21
Malta,MLT,2016,8.21
Malta,MLT,2017,8.21
Malta,MLT,2018,8.21
Malta,MLT,2019,7.5
Malta,MLT,2020,6.790000000000001
Malta,MLT,2021,6.79
Malta,MLT,2022,7.14
Mauritania,MRT,2006,4.29
Mauritania,MRT,2008,4.29
Mauritania,MRT,2010,4.29
Mauritania,MRT,2011,4.29
Mauritania,MRT,2012,4.29
Mauritania,MRT,2013,4.29
Mauritania,MRT,2014,4.29
Mauritania,MRT,2015,4.29
Mauritania,MRT,2016,4.29
Mauritania,MRT,2017,3.569999999999999
Mauritania,MRT,2018,3.569999999999999
Mauritania,MRT,2019,3.569999999999999
Mauritania,MRT,2020,3.569999999999999
Mauritania,MRT,2021,3.57
Mauritania,MRT,2022,3.57
Mauritius,MUS,2006,8.21
Mauritius,MUS,2008,8.21
Mauritius,MUS,2010,8.21
Mauritius,MUS,2011,8.21
Mauritius,MUS,2012,8.21
Mauritius,MUS,2013,8.21
Mauritius,MUS,2014,8.21
Mauritius,MUS,2015,8.21
Mauritius,MUS,2016,8.21
Mauritius,MUS,2017,8.21
Mauritius,MUS,2018,8.21
Mauritius,MUS,2019,8.21
Mauritius,MUS,2020,7.860000000000001
Mauritius,MUS,2021,7.86
Mauritius,MUS,2022,7.86
Mexico,MEX,2006,6.07
Mexico,MEX,2008,7.139999999999999
Mexico,MEX,2010,7.139999999999999
Mexico,MEX,2011,7.139999999999999
Mexico,MEX,2012,7.139999999999999
Mexico,MEX,2013,6.790000000000001
Mexico,MEX,2014,6.07
Mexico,MEX,2015,6.07
Mexico,MEX,2016,6.07
Mexico,MEX,2017,6.43
Mexico,MEX,2018,6.07
Mexico,MEX,2019,6.07
Mexico,MEX,2020,5.71
Mexico,MEX,2021,5
Mexico,MEX,2022,4.64
Moldova,MDA,2006,4.29
Moldova,MDA,2008,4.29
Moldova,MDA,2010,5.71
Moldova,MDA,2011,5
Moldova,MDA,2012,5
Moldova,MDA,2013,5
Moldova,MDA,2014,5
Moldova,MDA,2015,4.29
Moldova,MDA,2016,4.29
Moldova,MDA,2017,4.64
Moldova,MDA,2018,4.64
Moldova,MDA,2019,4.64
Moldova,MDA,2020,4.64
Moldova,MDA,2021,5.71
Moldova,MDA,2022,5.36
Mongolia,MNG,2006,6.07
Mongolia,MNG,2008,6.07
Mongolia,MNG,2010,5.71
Mongolia,MNG,2011,5.71
Mongolia,MNG,2012,5.71
Mongolia,MNG,2013,5.71
Mongolia,MNG,2014,5.71
Mongolia,MNG,2015,5.71
Mongolia,MNG,2016,5.71
Mongolia,MNG,2017,5.71
Mongolia,MNG,2018,5.71
Mongolia,MNG,2019,5.71
Mongolia,MNG,2020,5.71
Mongolia,MNG,2021,5.71
Mongolia,MNG,2022,5.36
Montenegro,MNE,2006,5.71
Montenegro,MNE,2008,5
Montenegro,MNE,2010,5
Montenegro,MNE,2011,5
Montenegro,MNE,2012,5.36
Montenegro,MNE,2013,5.36
Montenegro,MNE,2014,5.36
Montenegro,MNE,2015,5.71
Montenegro,MNE,2016,5.36
Montenegro,MNE,2017,5.36
Montenegro,MNE,2018,5.36
Montenegro,MNE,2019,5.36
Montenegro,MNE,2020,5.71
Montenegro,MNE,2021,6.43
Montenegro,MNE,2022,6.79
Morocco,MAR,2006,3.79
Morocco,MAR,2008,3.930000000000001
Morocco,MAR,2010,4.64
Morocco,MAR,2011,4.64
Morocco,MAR,2012,4.64
Morocco,MAR,2013,4.64
Morocco,MAR,2014,4.29
Morocco,MAR,2015,4.64
Morocco,MAR,2016,4.64
Morocco,MAR,2017,4.64
Morocco,MAR,2018,4.64
Morocco,MAR,2019,4.64
Morocco,MAR,2020,4.64
Morocco,MAR,2021,4.64
Morocco,MAR,2022,4.64
Mozambique,MOZ,2006,5.71
Mozambique,MOZ,2008,5.36
Mozambique,MOZ,2010,4.64
Mozambique,MOZ,2011,4.64
Mozambique,MOZ,2012,4.29
Mozambique,MOZ,2013,3.569999999999999
Mozambique,MOZ,2014,3.569999999999999
Mozambique,MOZ,2015,3.569999999999999
Mozambique,MOZ,2016,2.14
Mozambique,MOZ,2017,2.14
Mozambique,MOZ,2018,2.14
Mozambique,MOZ,2019,2.14
Mozambique,MOZ,2020,1.43
Mozambique,MOZ,2021,1.43
Mozambique,MOZ,2022,1.43
Myanmar,MMR,2006,1.79
Myanmar,MMR,2008,1.79
Myanmar,MMR,2010,1.79
Myanmar,MMR,2011,1.79
Myanmar,MMR,2012,1.79
Myanmar,MMR,2013,2.14
Myanmar,MMR,2014,2.86
Myanmar,MMR,2015,3.569999999999999
Myanmar,MMR,2016,3.569999999999999
Myanmar,MMR,2017,3.930000000000001
Myanmar,MMR,2018,3.930000000000001
Myanmar,MMR,2019,3.930000000000001
Myanmar,MMR,2020,3.930000000000001
Myanmar,MMR,2021,0
Myanmar,MMR,2022,0
Namibia,NAM,2006,4
Namibia,NAM,2008,5.36
Namibia,NAM,2010,5.36
Namibia,NAM,2011,5
Namibia,NAM,2012,5
Namibia,NAM,2013,5
Namibia,NAM,2014,5
Namibia,NAM,2015,5.36
Namibia,NAM,2016,5.36
Namibia,NAM,2017,5.36
Namibia,NAM,2018,5.36
Namibia,NAM,2019,5.36
Namibia,NAM,2020,5.36
Namibia,NAM,2021,5.36
Namibia,NAM,2022,5.36
Nepal,NPL,2006,3.569999999999999
Nepal,NPL,2008,4.29
Nepal,NPL,2010,4.29
Nepal,NPL,2011,4.29
Nepal,NPL,2012,4.29
Nepal,NPL,2013,4.29
Nepal,NPL,2014,4.29
Nepal,NPL,2015,4.29
Nepal,NPL,2016,4.29
Nepal,NPL,2017,5.36
Nepal,NPL,2018,5.36
Nepal,NPL,2019,5.36
Nepal,NPL,2020,5.36
Nepal,NPL,2021,5
Nepal,NPL,2022,5.36
Netherlands,NLD,2006,9.29
Netherlands,NLD,2008,8.93
Netherlands,NLD,2010,8.93
Netherlands,NLD,2011,8.93
Netherlands,NLD,2012,8.93
Netherlands,NLD,2013,8.21
Netherlands,NLD,2014,8.57
Netherlands,NLD,2015,8.57
Netherlands,NLD,2016,8.57
Netherlands,NLD,2017,9.29
Netherlands,NLD,2018,9.29
Netherlands,NLD,2019,9.29
Netherlands,NLD,2020,9.29
Netherlands,NLD,2021,8.93
Netherlands,NLD,2022,8.93
New Zealand,NZL,2006,8.57
New Zealand,NZL,2008,8.93
New Zealand,NZL,2010,9.29
New Zealand,NZL,2011,9.29
New Zealand,NZL,2012,9.29
New Zealand,NZL,2013,9.29
New Zealand,NZL,2014,9.29
New Zealand,NZL,2015,9.29
New Zealand,NZL,2016,9.29
New Zealand,NZL,2017,9.29
New Zealand,NZL,2018,9.29
New Zealand,NZL,2019,9.29
New Zealand,NZL,2020,8.93
New Zealand,NZL,2021,8.93
New Zealand,NZL,2022,9.29
Nicaragua,NIC,2006,5.71
Nicaragua,NIC,2008,4.36
Nicaragua,NIC,2010,4.36
Nicaragua,NIC,2011,4.36
Nicaragua,NIC,2012,4.36
Nicaragua,NIC,2013,4
Nicaragua,NIC,2014,3.29
Nicaragua,NIC,2015,3.29
Nicaragua,NIC,2016,3.29
Nicaragua,NIC,2017,3.29
Nicaragua,NIC,2018,1.86
Nicaragua,NIC,2019,2.86
Nicaragua,NIC,2020,2.86
Nicaragua,NIC,2021,2.5
Nicaragua,NIC,2022,2.14
Niger,NER,2006,1.14
Niger,NER,2008,1.14
Niger,NER,2010,0.43
Niger,NER,2011,1.14
Niger,NER,2012,1.14
Niger,NER,2013,1.14
Niger,NER,2014,1.14
Niger,NER,2015,1.14
Niger,NER,2016,1.14
Niger,NER,2017,1.14
Niger,NER,2018,1.14
Niger,NER,2019,1.14
Niger,NER,2020,1.14
Niger,NER,2021,1.14
Niger,NER,2022,1.5
Nigeria,NGA,2006,1.86
Nigeria,NGA,2008,3.21
Nigeria,NGA,2010,3.21
Nigeria,NGA,2011,3.21
Nigeria,NGA,2012,3.21
Nigeria,NGA,2013,3.21
Nigeria,NGA,2014,2.86
Nigeria,NGA,2015,4.29
Nigeria,NGA,2016,4.29
Nigeria,NGA,2017,4.64
Nigeria,NGA,2018,4.64
Nigeria,NGA,2019,3.930000000000001
Nigeria,NGA,2020,3.569999999999999
Nigeria,NGA,2021,3.93
Nigeria,NGA,2022,3.93
North Korea,PRK,2006,2.5
North Korea,PRK,2008,2.5
North Korea,PRK,2010,2.5
North Korea,PRK,2011,2.5
North Korea,PRK,2012,2.5
North Korea,PRK,2013,2.5
North Korea,PRK,2014,2.5
North Korea,PRK,2015,2.5
North Korea,PRK,2016,2.5
North Korea,PRK,2017,2.5
North Korea,PRK,2018,2.5
North Korea,PRK,2019,2.5
North Korea,PRK,2020,2.5
North Korea,PRK,2021,2.5
North Korea,PRK,2022,2.5
North Macedonia,MKD,2006,4.5
North Macedonia,MKD,2008,4.14
North Macedonia,MKD,2010,4.64
North Macedonia,MKD,2011,4.64
North Macedonia,MKD,2012,4.64
North Macedonia,MKD,2013,4.64
North Macedonia,MKD,2014,5.36
North Macedonia,MKD,2015,4.64
North Macedonia,MKD,2016,3.21
North Macedonia,MKD,2017,5
North Macedonia,MKD,2018,5.36
North Macedonia,MKD,2019,5.36
North Macedonia,MKD,2020,5.71
North Macedonia,MKD,2021,6.43
North Macedonia,MKD,2022,6.07
Norway,NOR,2006,9.64
Norway,NOR,2008,9.64
Norway,NOR,2010,9.64
Norway,NOR,2011,9.64
Norway,NOR,2012,9.64
Norway,NOR,2013,9.64
Norway,NOR,2014,9.64
Norway,NOR,2015,9.64
Norway,NOR,2016,9.64
Norway,NOR,2017,9.64
Norway,NOR,2018,9.64
Norway,NOR,2019,9.64
Norway,NOR,2020,9.64
Norway,NOR,2021,9.64
Norway,NOR,2022,9.64
Oman,OMN,2006,3.07
Oman,OMN,2008,3.569999999999999
Oman,OMN,2010,3.569999999999999
Oman,OMN,2011,3.930000000000001
Oman,OMN,2012,3.930000000000001
Oman,OMN,2013,3.930000000000001
Oman,OMN,2014,3.930000000000001
Oman,OMN,2015,3.930000000000001
Oman,OMN,2016,3.930000000000001
Oman,OMN,2017,3.930000000000001
Oman,OMN,2018,3.930000000000001
Oman,OMN,2019,3.930000000000001
Oman,OMN,2020,3.930000000000001
Oman,OMN,2021,3.93
Oman,OMN,2022,3.93
Pakistan,PAK,2006,5.36
Pakistan,PAK,2008,5.71
Pakistan,PAK,2010,5.71
Pakistan,PAK,2011,5.71
Pakistan,PAK,2012,5.36
Pakistan,PAK,2013,5.36
Pakistan,PAK,2014,5.36
Pakistan,PAK,2015,5.71
Pakistan,PAK,2016,5.36
Pakistan,PAK,2017,5.36
Pakistan,PAK,2018,5.36
Pakistan,PAK,2019,5.71
Pakistan,PAK,2020,5.36
Pakistan,PAK,2021,5.36
Pakistan,PAK,2022,5
Palestine,PSE,2006,2.71
Palestine,PSE,2008,2.86
Palestine,PSE,2010,2.86
Palestine,PSE,2011,2.86
Palestine,PSE,2012,2.86
Palestine,PSE,2013,2.86
Palestine,PSE,2014,2.86
Palestine,PSE,2015,2.14
Palestine,PSE,2016,2.14
Palestine,PSE,2017,2.5
Palestine,PSE,2018,2.14
Palestine,PSE,2019,0.14
Palestine,PSE,2020,0.14
Palestine,PSE,2021,0.14
Palestine,PSE,2022,0.14
Panama,PAN,2006,7.139999999999999
Panama,PAN,2008,7.139999999999999
Panama,PAN,2010,6.790000000000001
Panama,PAN,2011,6.43
Panama,PAN,2012,6.43
Panama,PAN,2013,6.43
Panama,PAN,2014,6.43
Panama,PAN,2015,6.43
Panama,PAN,2016,6.43
Panama,PAN,2017,6.790000000000001
Panama,PAN,2018,6.07
Panama,PAN,2019,6.07
Panama,PAN,2020,6.43
Panama,PAN,2021,6.07
Panama,PAN,2022,6.07
Papua New Guinea,PNG,2006,6.43
Papua New Guinea,PNG,2008,6.43
Papua New Guinea,PNG,2010,6.43
Papua New Guinea,PNG,2011,6.43
Papua New Guinea,PNG,2012,6.43
Papua New Guinea,PNG,2013,6.07
Papua New Guinea,PNG,2014,6.07
Papua New Guinea,PNG,2015,6.07
Papua New Guinea,PNG,2016,6.07
Papua New Guinea,PNG,2017,6.07
Papua New Guinea,PNG,2018,6.07
Papua New Guinea,PNG,2019,6.07
Papua New Guinea,PNG,2020,6.07
Papua New Guinea,PNG,2021,6.07
Papua New Guinea,PNG,2022,6.07
Paraguay,PRY,2006,5
Paraguay,PRY,2008,6.07
Paraguay,PRY,2010,6.07
Paraguay,PRY,2011,6.07
Paraguay,PRY,2012,5.36
Paraguay,PRY,2013,5.36
Paraguay,PRY,2014,5.36
Paraguay,PRY,2015,5.71
Paraguay,PRY,2016,5.71
Paraguay,PRY,2017,6.07
Paraguay,PRY,2018,5.71
Paraguay,PRY,2019,5.71
Paraguay,PRY,2020,5.71
Paraguay,PRY,2021,5.36
Paraguay,PRY,2022,5.36
Peru,PER,2006,3.29
Peru,PER,2008,4.29
Peru,PER,2010,5
Peru,PER,2011,5
Peru,PER,2012,5
Peru,PER,2013,5
Peru,PER,2014,5
Peru,PER,2015,5
Peru,PER,2016,5.36
Peru,PER,2017,5.36
Peru,PER,2018,5
Peru,PER,2019,5
Peru,PER,2020,5.36
Peru,PER,2021,5.36
Peru,PER,2022,5.71
Philippines,PHL,2006,5.36
Philippines,PHL,2008,5
Philippines,PHL,2010,5
Philippines,PHL,2011,5
Philippines,PHL,2012,5.36
Philippines,PHL,2013,5.36
Philippines,PHL,2014,5.36
Philippines,PHL,2015,5.71
Philippines,PHL,2016,5.71
Philippines,PHL,2017,5.71
Philippines,PHL,2018,5.71
Philippines,PHL,2019,5.36
Philippines,PHL,2020,5
Philippines,PHL,2021,5
Philippines,PHL,2022,5
Poland,POL,2006,6.07
Poland,POL,2008,6.07
Poland,POL,2010,6.07
Poland,POL,2011,6.43
Poland,POL,2012,6.43
Poland,POL,2013,6.43
Poland,POL,2014,5.71
Poland,POL,2015,5.71
Poland,POL,2016,5.71
Poland,POL,2017,6.07
Poland,POL,2018,6.07
Poland,POL,2019,6.07
Poland,POL,2020,5.71
Poland,POL,2021,6.07
Poland,POL,2022,6.07
Portugal,PRT,2006,8.21
Portugal,PRT,2008,8.21
Portugal,PRT,2010,7.5
Portugal,PRT,2011,6.43
Portugal,PRT,2012,6.43
Portugal,PRT,2013,5.71
Portugal,PRT,2014,6.43
Portugal,PRT,2015,6.43
Portugal,PRT,2016,6.790000000000001
Portugal,PRT,2017,7.5
Portugal,PRT,2018,7.5
Portugal,PRT,2019,7.860000000000001
Portugal,PRT,2020,7.5
Portugal,PRT,2021,7.14
Portugal,PRT,2022,7.5
Qatar,QAT,2006,3.430000000000001
Qatar,QAT,2008,3.569999999999999
Qatar,QAT,2010,3.21
Qatar,QAT,2011,3.930000000000001
Qatar,QAT,2012,3.930000000000001
Qatar,QAT,2013,3.930000000000001
Qatar,QAT,2014,3.930000000000001
Qatar,QAT,2015,3.930000000000001
Qatar,QAT,2016,3.930000000000001
Qatar,QAT,2017,4.29
Qatar,QAT,2018,4.29
Qatar,QAT,2019,4.29
Qatar,QAT,2020,4.29
Qatar,QAT,2021,4.29
Qatar,QAT,2022,4.29
Romania,ROU,2006,6.07
Romania,ROU,2008,6.07
Romania,ROU,2010,6.43
Romania,ROU,2011,6.07
Romania,ROU,2012,6.07
Romania,ROU,2013,6.07
Romania,ROU,2014,5.71
Romania,ROU,2015,5.71
Romania,ROU,2016,5.71
Romania,ROU,2017,5.71
Romania,ROU,2018,5.71
Romania,ROU,2019,5.71
Romania,ROU,2020,5.36
Romania,ROU,2021,6.07
Romania,ROU,2022,6.43
Russia,RUS,2006,3.21
Russia,RUS,2008,2.86
Russia,RUS,2010,3.21
Russia,RUS,2011,2.86
Russia,RUS,2012,2.86
Russia,RUS,2013,2.86
Russia,RUS,2014,2.86
Russia,RUS,2015,2.86
Russia,RUS,2016,2.5
Russia,RUS,2017,1.79
Russia,RUS,2018,1.79
Russia,RUS,2019,1.79
Russia,RUS,2020,2.14
Russia,RUS,2021,2.14
Russia,RUS,2022,2.14
Rwanda,RWA,2006,3.569999999999999
Rwanda,RWA,2008,3.569999999999999
Rwanda,RWA,2010,4.64
Rwanda,RWA,2011,4.64
Rwanda,RWA,2012,4.64
Rwanda,RWA,2013,5
Rwanda,RWA,2014,5
Rwanda,RWA,2015,5
Rwanda,RWA,2016,5
Rwanda,RWA,2017,5
Rwanda,RWA,2018,5
Rwanda,RWA,2019,4.29
Rwanda,RWA,2020,4.29
Rwanda,RWA,2021,4.29
Rwanda,RWA,2022,4.29
Saudi Arabia,SAU,2006,2.36
Saudi Arabia,SAU,2008,2.86
Saudi Arabia,SAU,2010,2.86
Saudi Arabia,SAU,2011,2.86
Saudi Arabia,SAU,2012,2.86
Saudi Arabia,SAU,2013,2.86
Saudi Arabia,SAU,2014,2.86
Saudi Arabia,SAU,2015,2.86
Saudi Arabia,SAU,2016,2.86
Saudi Arabia,SAU,2017,2.86
Saudi Arabia,SAU,2018,2.86
Saudi Arabia,SAU,2019,2.86
Saudi Arabia,SAU,2020,3.569999999999999
Saudi Arabia,SAU,2021,3.57
Saudi Arabia,SAU,2022,3.57
Senegal,SEN,2006,5
Senegal,SEN,2008,5
Senegal,SEN,2010,4.29
Senegal,SEN,2011,4.29
Senegal,SEN,2012,5.71
Senegal,SEN,2013,5.71
Senegal,SEN,2014,5.71
Senegal,SEN,2015,5.36
Senegal,SEN,2016,5.36
Senegal,SEN,2017,6.07
Senegal,SEN,2018,6.07
Senegal,SEN,2019,6.07
Senegal,SEN,2020,5.71
Senegal,SEN,2021,5.71
Senegal,SEN,2022,5.71
Serbia,SRB,2006,5.36
Serbia,SRB,2008,5
Serbia,SRB,2010,4.64
Serbia,SRB,2011,4.64
Serbia,SRB,2012,4.64
Serbia,SRB,2013,5.71
Serbia,SRB,2014,5.36
Serbia,SRB,2015,5.36
Serbia,SRB,2016,5.36
Serbia,SRB,2017,5.36
Serbia,SRB,2018,5.36
Serbia,SRB,2019,5.36
Serbia,SRB,2020,5.36
Serbia,SRB,2021,6.07
Serbia,SRB,2022,6.07
Sierra Leone,SLE,2006,2.21
Sierra Leone,SLE,2008,1.5
Sierra Leone,SLE,2010,1.86
Sierra Leone,SLE,2011,1.86
Sierra Leone,SLE,2012,2.21
Sierra Leone,SLE,2013,1.86
Sierra Leone,SLE,2014,1.5
Sierra Leone,SLE,2015,1.86
Sierra Leone,SLE,2016,1.86
Sierra Leone,SLE,2017,1.86
Sierra Leone,SLE,2018,1.86
Sierra Leone,SLE,2019,2.86
Sierra Leone,SLE,2020,2.86
Sierra Leone,SLE,2021,2.86
Sierra Leone,SLE,2022,2.86
Singapore,SGP,2006,7.5
Singapore,SGP,2008,7.5
Singapore,SGP,2010,7.5
Singapore,SGP,2011,7.5
Singapore,SGP,2012,7.5
Singapore,SGP,2013,7.139999999999999
Singapore,SGP,2014,7.5
Singapore,SGP,2015,7.5
Singapore,SGP,2016,7.860000000000001
Singapore,SGP,2017,7.860000000000001
Singapore,SGP,2018,7.860000000000001
Singapore,SGP,2019,7.860000000000001
Singapore,SGP,2020,7.860000000000001
Singapore,SGP,2021,8.21
Singapore,SGP,2022,7.86
Slovakia,SVK,2006,7.5
Slovakia,SVK,2008,7.139999999999999
Slovakia,SVK,2010,7.5
Slovakia,SVK,2011,7.5
Slovakia,SVK,2012,7.5
Slovakia,SVK,2013,7.5
Slovakia,SVK,2014,7.5
Slovakia,SVK,2015,7.5
Slovakia,SVK,2016,7.139999999999999
Slovakia,SVK,2017,6.790000000000001
Slovakia,SVK,2018,6.790000000000001
Slovakia,SVK,2019,7.139999999999999
Slovakia,SVK,2020,6.43
Slovakia,SVK,2021,6.43
Slovakia,SVK,2022,6.07
Slovenia,SVN,2006,7.860000000000001
Slovenia,SVN,2008,7.860000000000001
Slovenia,SVN,2010,7.139999999999999
Slovenia,SVN,2011,7.5
Slovenia,SVN,2012,7.5
Slovenia,SVN,2013,7.5
Slovenia,SVN,2014,7.139999999999999
Slovenia,SVN,2015,7.139999999999999
Slovenia,SVN,2016,7.139999999999999
Slovenia,SVN,2017,6.790000000000001
Slovenia,SVN,2018,6.790000000000001
Slovenia,SVN,2019,6.790000000000001
Slovenia,SVN,2020,6.43
Slovenia,SVN,2021,6.43
Slovenia,SVN,2022,7.14
South Africa,ZAF,2006,7.860000000000001
South Africa,ZAF,2008,7.860000000000001
South Africa,ZAF,2010,8.21
South Africa,ZAF,2011,8.21
South Africa,ZAF,2012,8.21
South Africa,ZAF,2013,8.21
South Africa,ZAF,2014,8.21
South Africa,ZAF,2015,8.21
South Africa,ZAF,2016,7.860000000000001
South Africa,ZAF,2017,7.5
South Africa,ZAF,2018,7.5
South Africa,ZAF,2019,7.5
South Africa,ZAF,2020,7.139999999999999
South Africa,ZAF,2021,7.14
South Africa,ZAF,2022,7.14
South Korea,KOR,2006,7.139999999999999
South Korea,KOR,2008,7.5
South Korea,KOR,2010,7.860000000000001
South Korea,KOR,2011,7.860000000000001
South Korea,KOR,2012,8.21
South Korea,KOR,2013,7.860000000000001
South Korea,KOR,2014,7.860000000000001
South Korea,KOR,2015,7.860000000000001
South Korea,KOR,2016,7.5
South Korea,KOR,2017,7.860000000000001
South Korea,KOR,2018,7.860000000000001
South Korea,KOR,2019,7.860000000000001
South Korea,KOR,2020,8.21
South Korea,KOR,2021,8.57
South Korea,KOR,2022,8.57
Spain,ESP,2006,7.860000000000001
Spain,ESP,2008,7.860000000000001
Spain,ESP,2010,8.21
Spain,ESP,2011,7.5
Spain,ESP,2012,7.5
Spain,ESP,2013,7.5
Spain,ESP,2014,7.139999999999999
Spain,ESP,2015,7.139999999999999
Spain,ESP,2016,7.139999999999999
Spain,ESP,2017,7.139999999999999
Spain,ESP,2018,7.139999999999999
Spain,ESP,2019,7.139999999999999
Spain,ESP,2020,7.139999999999999
Spain,ESP,2021,7.14
Spain,ESP,2022,7.5
Sri Lanka,LKA,2006,5
Sri Lanka,LKA,2008,4.64
Sri Lanka,LKA,2010,6.07
Sri Lanka,LKA,2011,6.07
Sri Lanka,LKA,2012,5.36
Sri Lanka,LKA,2013,5.36
Sri Lanka,LKA,2014,5.36
Sri Lanka,LKA,2015,6.790000000000001
Sri Lanka,LKA,2016,6.790000000000001
Sri Lanka,LKA,2017,7.139999999999999
Sri Lanka,LKA,2018,5.71
Sri Lanka,LKA,2019,6.07
Sri Lanka,LKA,2020,5.71
Sri Lanka,LKA,2021,5.71
Sri Lanka,LKA,2022,5.71
Sudan,SDN,2006,2.36
Sudan,SDN,2008,2.5
Sudan,SDN,2010,1.43
Sudan,SDN,2011,1.79
Sudan,SDN,2012,1.79
Sudan,SDN,2013,1.79
Sudan,SDN,2014,1.79
Sudan,SDN,2015,1.79
Sudan,SDN,2016,1.79
Sudan,SDN,2017,1.79
Sudan,SDN,2018,1.79
Sudan,SDN,2019,1.79
Sudan,SDN,2020,1.79
Sudan,SDN,2021,1.43
Sudan,SDN,2022,1.43
Suriname,SUR,2006,6.07
Suriname,SUR,2008,6.07
Suriname,SUR,2010,6.43
Suriname,SUR,2011,6.43
Suriname,SUR,2012,6.43
Suriname,SUR,2013,6.43
Suriname,SUR,2014,6.43
Suriname,SUR,2015,6.43
Suriname,SUR,2016,6.43
Suriname,SUR,2017,6.43
Suriname,SUR,2018,6.43
Suriname,SUR,2019,6.43
Suriname,SUR,2020,6.07
Suriname,SUR,2021,6.07
Suriname,SUR,2022,6.43
Sweden,SWE,2006,10
Sweden,SWE,2008,10
Sweden,SWE,2010,9.64
Sweden,SWE,2011,9.64
Sweden,SWE,2012,9.64
Sweden,SWE,2013,9.64
Sweden,SWE,2014,9.64
Sweden,SWE,2015,9.64
Sweden,SWE,2016,9.64
Sweden,SWE,2017,9.64
Sweden,SWE,2018,9.64
Sweden,SWE,2019,9.64
Sweden,SWE,2020,9.29
Sweden,SWE,2021,9.29
Sweden,SWE,2022,9.64
Switzerland,CHE,2006,9.29
Switzerland,CHE,2008,9.29
Switzerland,CHE,2010,9.29
Switzerland,CHE,2011,9.29
Switzerland,CHE,2012,9.29
Switzerland,CHE,2013,9.29
Switzerland,CHE,2014,9.29
Switzerland,CHE,2015,9.29
Switzerland,CHE,2016,9.29
Switzerland,CHE,2017,9.29
Switzerland,CHE,2018,9.29
Switzerland,CHE,2019,9.29
Switzerland,CHE,2020,8.57
Switzerland,CHE,2021,8.93
Switzerland,CHE,2022,9.29
Syria,SYR,2006,1.79
Syria,SYR,2008,2.14
Syria,SYR,2010,2.5
Syria,SYR,2011,1.79
Syria,SYR,2012,0.36
Syria,SYR,2013,0.36
Syria,SYR,2014,0.36
Syria,SYR,2015,0
Syria,SYR,2016,0
Syria,SYR,2017,0
Syria,SYR,2018,0
Syria,SYR,2019,0
Syria,SYR,2020,0
Syria,SYR,2021,0
Syria,SYR,2022,0
Taiwan,TWN,2006,7.5
Taiwan,TWN,2008,7.5
Taiwan,TWN,2010,7.139999999999999
Taiwan,TWN,2011,7.139999999999999
Taiwan,TWN,2012,7.139999999999999
Taiwan,TWN,2013,7.139999999999999
Taiwan,TWN,2014,7.5
Taiwan,TWN,2015,7.860000000000001
Taiwan,TWN,2016,8.21
Taiwan,TWN,2017,8.21
Taiwan,TWN,2018,8.21
Taiwan,TWN,2019,8.21
Taiwan,TWN,2020,9.64
Taiwan,TWN,2021,9.64
Taiwan,TWN,2022,9.64
Tajikistan,TJK,2006,0.79
Tajikistan,TJK,2008,0.79
Tajikistan,TJK,2010,0.79
Tajikistan,TJK,2011,0.79
Tajikistan,TJK,2012,0.79
Tajikistan,TJK,2013,0.79
Tajikistan,TJK,2014,0.07
Tajikistan,TJK,2015,0.07
Tajikistan,TJK,2016,0.07
Tajikistan,TJK,2017,0.79
Tajikistan,TJK,2018,0.79
Tajikistan,TJK,2019,0.79
Tajikistan,TJK,2020,2.21
Tajikistan,TJK,2021,2.21
Tajikistan,TJK,2022,2.21
Tanzania,TZA,2006,3.930000000000001
Tanzania,TZA,2008,3.930000000000001
Tanzania,TZA,2010,4.29
Tanzania,TZA,2011,4.29
Tanzania,TZA,2012,4.64
Tanzania,TZA,2013,4.64
Tanzania,TZA,2014,4.64
Tanzania,TZA,2015,5
Tanzania,TZA,2016,5
Tanzania,TZA,2017,5
Tanzania,TZA,2018,5
Tanzania,TZA,2019,5
Tanzania,TZA,2020,5
Tanzania,TZA,2021,5
Tanzania,TZA,2022,5
Thailand,THA,2006,6.43
Thailand,THA,2008,6.790000000000001
Thailand,THA,2010,6.07
Thailand,THA,2011,6.07
Thailand,THA,2012,6.07
Thailand,THA,2013,6.07
Thailand,THA,2014,4.29
Thailand,THA,2015,3.930000000000001
Thailand,THA,2016,3.930000000000001
Thailand,THA,2017,4.29
Thailand,THA,2018,4.29
Thailand,THA,2019,5.36
Thailand,THA,2020,5
Thailand,THA,2021,5
Thailand,THA,2022,6.07
Togo,TGO,2006,0.79
Togo,TGO,2008,0.43
Togo,TGO,2010,0.79
Togo,TGO,2011,0.79
Togo,TGO,2012,0.79
Togo,TGO,2013,0.79
Togo,TGO,2014,0.79
Togo,TGO,2015,1.14
Togo,TGO,2016,1.14
Togo,TGO,2017,0.79
Togo,TGO,2018,0.79
Togo,TGO,2019,1.79
Togo,TGO,2020,1.79
Togo,TGO,2021,1.79
Togo,TGO,2022,2.14
Trinidad and Tobago,TTO,2006,6.790000000000001
Trinidad and Tobago,TTO,2008,6.790000000000001
Trinidad and Tobago,TTO,2010,7.139999999999999
Trinidad and Tobago,TTO,2011,7.139999999999999
Trinidad and Tobago,TTO,2012,7.139999999999999
Trinidad and Tobago,TTO,2013,7.139999999999999
Trinidad and Tobago,TTO,2014,7.139999999999999
Trinidad and Tobago,TTO,2015,7.139999999999999
Trinidad and Tobago,TTO,2016,7.139999999999999
Trinidad and Tobago,TTO,2017,7.139999999999999
Trinidad and Tobago,TTO,2018,7.139999999999999
Trinidad and Tobago,TTO,2019,7.139999999999999
Trinidad and Tobago,TTO,2020,7.139999999999999
Trinidad and Tobago,TTO,2021,7.14
Trinidad and Tobago,TTO,2022,7.14
Tunisia,TUN,2006,2.36
Tunisia,TUN,2008,2.86
Tunisia,TUN,2010,2.86
Tunisia,TUN,2011,5
Tunisia,TUN,2012,5
Tunisia,TUN,2013,5
Tunisia,TUN,2014,6.07
Tunisia,TUN,2015,6.07
Tunisia,TUN,2016,6.07
Tunisia,TUN,2017,5.71
Tunisia,TUN,2018,5.71
Tunisia,TUN,2019,5.71
Tunisia,TUN,2020,5.36
Tunisia,TUN,2021,4.64
Tunisia,TUN,2022,4.64
Turkey,TUR,2006,6.790000000000001
Turkey,TUR,2008,6.07
Turkey,TUR,2010,7.139999999999999
Turkey,TUR,2011,7.139999999999999
Turkey,TUR,2012,6.790000000000001
Turkey,TUR,2013,6.43
Turkey,TUR,2014,5.36
Turkey,TUR,2015,5.36
Turkey,TUR,2016,6.07
Turkey,TUR,2017,6.07
Turkey,TUR,2018,5
Turkey,TUR,2019,5
Turkey,TUR,2020,5.36
Turkey,TUR,2021,5
Turkey,TUR,2022,5
Turkmenistan,TKM,2006,0.79
Turkmenistan,TKM,2008,0.79
Turkmenistan,TKM,2010,0.79
Turkmenistan,TKM,2011,0.79
Turkmenistan,TKM,2012,0.79
Turkmenistan,TKM,2013,0.79
Turkmenistan,TKM,2014,0.79
Turkmenistan,TKM,2015,0.79
Turkmenistan,TKM,2016,0.79
Turkmenistan,TKM,2017,0.79
Turkmenistan,TKM,2018,0.79
Turkmenistan,TKM,2019,0.79
Turkmenistan,TKM,2020,0.79
Turkmenistan,TKM,2021,0.79
Turkmenistan,TKM,2022,0.79
Uganda,UGA,2006,3.930000000000001
Uganda,UGA,2008,3.930000000000001
Uganda,UGA,2010,3.21
Uganda,UGA,2011,2.86
Uganda,UGA,2012,3.569999999999999
Uganda,UGA,2013,3.569999999999999
Uganda,UGA,2014,3.569999999999999
Uganda,UGA,2015,3.569999999999999
Uganda,UGA,2016,3.569999999999999
Uganda,UGA,2017,3.569999999999999
Uganda,UGA,2018,3.569999999999999
Uganda,UGA,2019,3.569999999999999
Uganda,UGA,2020,3.21
Uganda,UGA,2021,3.21
Uganda,UGA,2022,3.57
Ukraine,UKR,2006,5.71
Ukraine,UKR,2008,5.36
Ukraine,UKR,2010,5
Ukraine,UKR,2011,4.64
Ukraine,UKR,2012,4.64
Ukraine,UKR,2013,4.29
Ukraine,UKR,2014,3.930000000000001
Ukraine,UKR,2015,3.930000000000001
Ukraine,UKR,2016,3.930000000000001
Ukraine,UKR,2017,3.21
Ukraine,UKR,2018,3.21
Ukraine,UKR,2019,2.71
Ukraine,UKR,2020,2.71
Ukraine,UKR,2021,2.36
Ukraine,UKR,2022,2.71
United Arab Emirates,ARE,2006,3.07
United Arab Emirates,ARE,2008,3.930000000000001
United Arab Emirates,ARE,2010,3.569999999999999
United Arab Emirates,ARE,2011,3.569999999999999
United Arab Emirates,ARE,2012,3.569999999999999
United Arab Emirates,ARE,2013,3.569999999999999
United Arab Emirates,ARE,2014,3.569999999999999
United Arab Emirates,ARE,2015,3.569999999999999
United Arab Emirates,ARE,2016,3.569999999999999
United Arab Emirates,ARE,2017,3.569999999999999
United Arab Emirates,ARE,2018,3.930000000000001
United Arab Emirates,ARE,2019,3.930000000000001
United Arab Emirates,ARE,2020,3.930000000000001
United Arab Emirates,ARE,2021,4.29
United Arab Emirates,ARE,2022,4.29
United Kingdom,GBR,2006,8.57
United Kingdom,GBR,2008,8.57
United Kingdom,GBR,2010,7.860000000000001
United Kingdom,GBR,2011,7.860000000000001
United Kingdom,GBR,2012,7.5
United Kingdom,GBR,2013,7.139999999999999
United Kingdom,GBR,2014,7.139999999999999
United Kingdom,GBR,2015,7.139999999999999
United Kingdom,GBR,2016,7.139999999999999
United Kingdom,GBR,2017,7.5
United Kingdom,GBR,2018,7.5
United Kingdom,GBR,2019,7.5
United Kingdom,GBR,2020,7.5
United Kingdom,GBR,2021,7.5
United Kingdom,GBR,2022,7.5
United States,USA,2006,7.860000000000001
United States,USA,2008,7.860000000000001
United States,USA,2010,7.860000000000001
United States,USA,2011,7.5
United States,USA,2012,7.5
United States,USA,2013,7.5
United States,USA,2014,7.5
United States,USA,2015,7.5
United States,USA,2016,7.139999999999999
United States,USA,2017,7.139999999999999
United States,USA,2018,7.139999999999999
United States,USA,2019,7.139999999999999
United States,USA,2020,6.790000000000001
United States,USA,2021,6.43
United States,USA,2022,6.43
Uruguay,URY,2006,8.21
Uruguay,URY,2008,8.21
Uruguay,URY,2010,8.57
Uruguay,URY,2011,8.93
Uruguay,URY,2012,8.93
Uruguay,URY,2013,8.93
Uruguay,URY,2014,8.93
Uruguay,URY,2015,8.93
Uruguay,URY,2016,8.93
Uruguay,URY,2017,8.93
Uruguay,URY,2018,8.57
Uruguay,URY,2019,8.57
Uruguay,URY,2020,8.57
Uruguay,URY,2021,8.57
Uruguay,URY,2022,8.93
Uzbekistan,UZB,2006,0.79
Uzbekistan,UZB,2008,0.79
Uzbekistan,UZB,2010,0.79
Uzbekistan,UZB,2011,0.79
Uzbekistan,UZB,2012,0.79
Uzbekistan,UZB,2013,0.79
Uzbekistan,UZB,2014,2.57
Uzbekistan,UZB,2015,1.86
Uzbekistan,UZB,2016,1.86
Uzbekistan,UZB,2017,1.86
Uzbekistan,UZB,2018,1.86
Uzbekistan,UZB,2019,1.86
Uzbekistan,UZB,2020,1.86
Uzbekistan,UZB,2021,1.86
Uzbekistan,UZB,2022,1.86
Venezuela,VEN,2006,3.64
Venezuela,VEN,2008,4.29
Venezuela,VEN,2010,3.930000000000001
Venezuela,VEN,2011,3.930000000000001
Venezuela,VEN,2012,4.29
Venezuela,VEN,2013,4.29
Venezuela,VEN,2014,4.29
Venezuela,VEN,2015,3.930000000000001
Venezuela,VEN,2016,2.5
Venezuela,VEN,2017,2.86
Venezuela,VEN,2018,1.79
Venezuela,VEN,2019,1.79
Venezuela,VEN,2020,1.79
Venezuela,VEN,2021,1.79
Venezuela,VEN,2022,1.07
Vietnam,VNM,2006,4.29
Vietnam,VNM,2008,4.29
Vietnam,VNM,2010,4.29
Vietnam,VNM,2011,4.29
Vietnam,VNM,2012,3.930000000000001
Vietnam,VNM,2013,3.930000000000001
Vietnam,VNM,2014,3.930000000000001
Vietnam,VNM,2015,3.930000000000001
Vietnam,VNM,2016,3.21
Vietnam,VNM,2017,3.21
Vietnam,VNM,2018,3.21
Vietnam,VNM,2019,3.21
Vietnam,VNM,2020,2.86
Vietnam,VNM,2021,2.86
Vietnam,VNM,2022,3.93
Yemen,YEM,2006,2.71
Yemen,YEM,2008,2.5
Yemen,YEM,2010,1.79
Yemen,YEM,2011,0.36
Yemen,YEM,2012,1.43
Yemen,YEM,2013,1.43
Yemen,YEM,2014,1.43
Yemen,YEM,2015,0.36
Yemen,YEM,2016,0
Yemen,YEM,2017,0
Yemen,YEM,2018,0
Yemen,YEM,2019,0
Yemen,YEM,2020,0
Yemen,YEM,2021,0
Yemen,YEM,2022,0
Zambia,ZMB,2006,4.64
Zambia,ZMB,2008,4.64
Zambia,ZMB,2010,5.36
Zambia,ZMB,2011,5
Zambia,ZMB,2012,5.36
Zambia,ZMB,2013,5.36
Zambia,ZMB,2014,5.36
Zambia,ZMB,2015,5.36
Zambia,ZMB,2016,5.36
Zambia,ZMB,2017,5
Zambia,ZMB,2018,4.64
Zambia,ZMB,2019,2.93
Zambia,ZMB,2020,2.93
Zambia,ZMB,2021,3.64
Zambia,ZMB,2022,3.64
Zimbabwe,ZWE,2006,0.79
Zimbabwe,ZWE,2008,0.79
Zimbabwe,ZWE,2010,1.29
Zimbabwe,ZWE,2011,1.29
Zimbabwe,ZWE,2012,1.29
Zimbabwe,ZWE,2013,1.29
Zimbabwe,ZWE,2014,1.29
Zimbabwe,ZWE,2015,2
Zimbabwe,ZWE,2016,2
Zimbabwe,ZWE,2017,2
Zimbabwe,ZWE,2018,2
Zimbabwe,ZWE,2019,2.5
Zimbabwe,ZWE,2020,2.5
Zimbabwe,ZWE,2021,2.5
Zimbabwe,ZWE,2022,2.5